dataset,image_id,true_label,experiment5_predicted,egvan_predicted,experiment5_correct,egvan_correct,outcome,experiment5_confidence,egvan_confidence
HAM,ISIC_0024367,mel,mel,mel,True,True,both_correct,0.7804486155509949,0.6102723479270935
HAM,ISIC_0024516,mel,mel,mel,True,True,both_correct,0.7894724607467651,0.48074212670326233
HAM,ISIC_0024545,mel,mel,mel,True,True,both_correct,0.6796776056289673,0.7682060599327087
HAM,ISIC_0024700,mel,nv,nv,False,False,both_wrong,0.9283385276794434,0.7611463069915771
HAM,ISIC_0024929,mel,mel,mel,True,True,both_correct,0.8703770637512207,0.7946077585220337
HAM,ISIC_0025248,mel,mel,bkl,True,False,experiment5_only_correct,0.7072279453277588,0.3238307237625122
HAM,ISIC_0025472,mel,nv,nv,False,False,both_wrong,0.8757923245429993,0.9247786402702332
HAM,ISIC_0025531,mel,akiec,bkl,False,False,both_wrong,0.6535152196884155,0.40156805515289307
HAM,ISIC_0025573,mel,mel,mel,True,True,both_correct,0.8848382234573364,0.6555947065353394
HAM,ISIC_0025751,mel,nv,mel,False,True,egvan_only_correct,0.7059108018875122,0.6894035935401917
HAM,ISIC_0025814,mel,mel,mel,True,True,both_correct,0.8964555859565735,0.7611940503120422
HAM,ISIC_0025941,mel,nv,nv,False,False,both_wrong,0.8924393653869629,0.7976414561271667
HAM,ISIC_0025964,mel,nv,nv,False,False,both_wrong,0.41208523511886597,0.6873281598091125
HAM,ISIC_0026045,mel,mel,mel,True,True,both_correct,0.9492224454879761,0.8795042634010315
HAM,ISIC_0026247,mel,nv,nv,False,False,both_wrong,0.6706665754318237,0.7516447305679321
HAM,ISIC_0026475,mel,nv,nv,False,False,both_wrong,0.9168534874916077,0.8808256387710571
HAM,ISIC_0026506,mel,vasc,nv,False,False,both_wrong,0.7876397967338562,0.4452875852584839
HAM,ISIC_0026770,mel,mel,mel,True,True,both_correct,0.9157097339630127,0.6964849829673767
HAM,ISIC_0026853,mel,mel,mel,True,True,both_correct,0.9552168250083923,0.8913798332214355
HAM,ISIC_0026897,mel,mel,mel,True,True,both_correct,0.7293581962585449,0.5320892333984375
HAM,ISIC_0027033,mel,mel,mel,True,True,both_correct,0.6683837175369263,0.7011915445327759
HAM,ISIC_0027069,mel,bcc,nv,False,False,both_wrong,0.5865820050239563,0.7251423597335815
HAM,ISIC_0027130,mel,nv,mel,False,True,egvan_only_correct,0.5902942419052124,0.605833113193512
HAM,ISIC_0027179,mel,mel,mel,True,True,both_correct,0.47983330488204956,0.6598247289657593
HAM,ISIC_0027260,mel,mel,mel,True,True,both_correct,0.789516031742096,0.6759487986564636
HAM,ISIC_0027328,mel,akiec,akiec,False,False,both_wrong,0.6208989024162292,0.6491220593452454
HAM,ISIC_0027359,mel,nv,mel,False,True,egvan_only_correct,0.664764404296875,0.49911370873451233
HAM,ISIC_0027573,mel,bkl,bkl,False,False,both_wrong,0.8759542107582092,0.4040625989437103
HAM,ISIC_0027604,mel,mel,mel,True,True,both_correct,0.5435415506362915,0.4998129606246948
HAM,ISIC_0027673,mel,mel,mel,True,True,both_correct,0.5347278714179993,0.5030960440635681
HAM,ISIC_0027797,mel,nv,nv,False,False,both_wrong,0.8640111088752747,0.8198013305664062
HAM,ISIC_0027822,mel,mel,bkl,True,False,experiment5_only_correct,0.608083963394165,0.5266229510307312
HAM,ISIC_0028017,mel,nv,nv,False,False,both_wrong,0.8698866963386536,0.8847575187683105
HAM,ISIC_0028109,mel,mel,nv,True,False,experiment5_only_correct,0.5001440048217773,0.6374267935752869
HAM,ISIC_0028114,mel,mel,mel,True,True,both_correct,0.38083386421203613,0.512640655040741
HAM,ISIC_0028127,mel,mel,mel,True,True,both_correct,0.8701309561729431,0.7465998530387878
HAM,ISIC_0028220,mel,mel,mel,True,True,both_correct,0.7737982869148254,0.9062355160713196
HAM,ISIC_0028285,mel,bkl,bkl,False,False,both_wrong,0.7690880298614502,0.6435831189155579
HAM,ISIC_0028361,mel,mel,mel,True,True,both_correct,0.9354787468910217,0.5290871858596802
HAM,ISIC_0028465,mel,mel,mel,True,True,both_correct,0.7984017133712769,0.5664880871772766
HAM,ISIC_0028467,mel,mel,mel,True,True,both_correct,0.723670482635498,0.5707864165306091
HAM,ISIC_0028969,mel,bkl,bkl,False,False,both_wrong,0.6197712421417236,0.816469132900238
HAM,ISIC_0029013,mel,nv,nv,False,False,both_wrong,0.5586799383163452,0.6290661096572876
HAM,ISIC_0029092,mel,mel,mel,True,True,both_correct,0.6987257599830627,0.7308629751205444
HAM,ISIC_0029281,mel,nv,nv,False,False,both_wrong,0.5284401774406433,0.7030092477798462
HAM,ISIC_0029434,mel,nv,nv,False,False,both_wrong,0.8220945000648499,0.5310681462287903
HAM,ISIC_0029575,mel,mel,bkl,True,False,experiment5_only_correct,0.923053503036499,0.5101962089538574
HAM,ISIC_0029705,mel,nv,nv,False,False,both_wrong,0.5281519889831543,0.5210890769958496
HAM,ISIC_0029909,mel,mel,mel,True,True,both_correct,0.7521392703056335,0.5851046442985535
HAM,ISIC_0030002,mel,mel,mel,True,True,both_correct,0.6275128722190857,0.757087230682373
HAM,ISIC_0030083,mel,mel,mel,True,True,both_correct,0.8804434537887573,0.850052535533905
HAM,ISIC_0030107,mel,nv,nv,False,False,both_wrong,0.912595808506012,0.8150546550750732
HAM,ISIC_0030122,mel,nv,nv,False,False,both_wrong,0.6282835602760315,0.601302981376648
HAM,ISIC_0030165,mel,mel,mel,True,True,both_correct,0.9508635997772217,0.8056855797767639
HAM,ISIC_0030238,mel,nv,nv,False,False,both_wrong,0.6045383214950562,0.6642737984657288
HAM,ISIC_0030417,mel,mel,mel,True,True,both_correct,0.7982150316238403,0.6299464106559753
HAM,ISIC_0030623,mel,mel,nv,True,False,experiment5_only_correct,0.5312567353248596,0.6880483031272888
HAM,ISIC_0030754,mel,nv,nv,False,False,both_wrong,0.7100736498832703,0.7787998914718628
HAM,ISIC_0030951,mel,mel,mel,True,True,both_correct,0.5746006965637207,0.5252086520195007
HAM,ISIC_0031233,mel,nv,nv,False,False,both_wrong,0.47457948327064514,0.5060654878616333
HAM,ISIC_0031543,mel,bkl,bkl,False,False,both_wrong,0.6460511684417725,0.6736114621162415
HAM,ISIC_0031554,mel,nv,nv,False,False,both_wrong,0.8095019459724426,0.8870764970779419
HAM,ISIC_0031844,mel,nv,nv,False,False,both_wrong,0.8419798016548157,0.38593512773513794
HAM,ISIC_0031908,mel,nv,nv,False,False,both_wrong,0.6660641431808472,0.6814554929733276
HAM,ISIC_0031957,mel,mel,mel,True,True,both_correct,0.6400017142295837,0.4922741651535034
HAM,ISIC_0032134,mel,mel,mel,True,True,both_correct,0.5659879446029663,0.5545557737350464
HAM,ISIC_0032400,mel,mel,mel,True,True,both_correct,0.8241809010505676,0.6986696720123291
HAM,ISIC_0032430,mel,bkl,bkl,False,False,both_wrong,0.772185742855072,0.47102323174476624
HAM,ISIC_0032441,mel,bkl,bkl,False,False,both_wrong,0.8870007991790771,0.4228008985519409
HAM,ISIC_0032687,mel,mel,mel,True,True,both_correct,0.8194456696510315,0.8663816452026367
HAM,ISIC_0032698,mel,mel,mel,True,True,both_correct,0.8926289081573486,0.8347339034080505
HAM,ISIC_0032718,mel,nv,mel,False,True,egvan_only_correct,0.3992300033569336,0.5456733107566833
HAM,ISIC_0032736,mel,mel,bcc,True,False,experiment5_only_correct,0.2560105621814728,0.3579584062099457
HAM,ISIC_0032870,mel,mel,mel,True,True,both_correct,0.6049734354019165,0.7224355340003967
HAM,ISIC_0032888,mel,nv,nv,False,False,both_wrong,0.6526964902877808,0.783765971660614
HAM,ISIC_0032915,mel,akiec,mel,False,True,egvan_only_correct,0.6004889011383057,0.638205349445343
HAM,ISIC_0032917,mel,mel,mel,True,True,both_correct,0.9282402396202087,0.7776070833206177
HAM,ISIC_0032925,mel,mel,mel,True,True,both_correct,0.9527665376663208,0.878655195236206
HAM,ISIC_0032960,mel,mel,mel,True,True,both_correct,0.9120855927467346,0.907131016254425
HAM,ISIC_0032987,mel,mel,mel,True,True,both_correct,0.758594274520874,0.721724271774292
HAM,ISIC_0032988,mel,mel,mel,True,True,both_correct,0.7921322584152222,0.46522656083106995
HAM,ISIC_0033051,mel,vasc,vasc,False,False,both_wrong,0.6758803129196167,0.4989316761493683
HAM,ISIC_0033055,mel,mel,mel,True,True,both_correct,0.5323786735534668,0.7464792132377625
HAM,ISIC_0033061,mel,vasc,vasc,False,False,both_wrong,0.7131292223930359,0.44477859139442444
HAM,ISIC_0033081,mel,mel,bkl,True,False,experiment5_only_correct,0.32532963156700134,0.6193824410438538
HAM,ISIC_0033217,mel,mel,mel,True,True,both_correct,0.5029926896095276,0.7723160982131958
HAM,ISIC_0033299,mel,mel,mel,True,True,both_correct,0.9085882306098938,0.8142970204353333
HAM,ISIC_0033333,mel,nv,nv,False,False,both_wrong,0.6387273669242859,0.5703260898590088
HAM,ISIC_0033336,mel,nv,nv,False,False,both_wrong,0.9035890102386475,0.9372327327728271
HAM,ISIC_0033344,mel,mel,mel,True,True,both_correct,0.5299357175827026,0.387478232383728
HAM,ISIC_0033362,mel,nv,nv,False,False,both_wrong,0.7646484971046448,0.4077685475349426
HAM,ISIC_0033405,mel,vasc,nv,False,False,both_wrong,0.5089931488037109,0.5486723184585571
HAM,ISIC_0033612,mel,nv,mel,False,True,egvan_only_correct,0.5718768239021301,0.4024035632610321
HAM,ISIC_0033678,mel,mel,mel,True,True,both_correct,0.9733144640922546,0.9698042273521423
HAM,ISIC_0033708,mel,mel,mel,True,True,both_correct,0.9208589792251587,0.754642903804779
HAM,ISIC_0033717,mel,nv,nv,False,False,both_wrong,0.6520193219184875,0.6816667318344116
HAM,ISIC_0033834,mel,mel,mel,True,True,both_correct,0.9229002594947815,0.646308422088623
HAM,ISIC_0033901,mel,mel,mel,True,True,both_correct,0.8873001933097839,0.719598650932312
HAM,ISIC_0033967,mel,mel,mel,True,True,both_correct,0.5675712823867798,0.7339479923248291
HAM,ISIC_0033968,mel,mel,mel,True,True,both_correct,0.7326552867889404,0.747346043586731
HAM,ISIC_0034005,mel,nv,nv,False,False,both_wrong,0.4446120858192444,0.463948130607605
HAM,ISIC_0034034,mel,mel,mel,True,True,both_correct,0.6396501660346985,0.7548406720161438
HAM,ISIC_0034062,mel,mel,bkl,True,False,experiment5_only_correct,0.6620244383811951,0.3891116678714752
HAM,ISIC_0034120,mel,nv,nv,False,False,both_wrong,0.48769909143447876,0.5980371832847595
HAM,ISIC_0034170,mel,mel,akiec,True,False,experiment5_only_correct,0.6240905523300171,0.7859640121459961
HAM,ISIC_0034188,mel,nv,nv,False,False,both_wrong,0.5350654125213623,0.4577174484729767
HAM,ISIC_0034205,mel,nv,nv,False,False,both_wrong,0.5974576473236084,0.4436069428920746
PH2,IMD058,mel,bkl,nv,False,False,both_wrong,0.5199820399284363,0.503645122051239
PH2,IMD061,mel,nv,nv,False,False,both_wrong,0.8214719891548157,0.8878828287124634
PH2,IMD063,mel,nv,nv,False,False,both_wrong,0.5247329473495483,0.6306383609771729
PH2,IMD064,mel,nv,nv,False,False,both_wrong,0.6865614056587219,0.9207879900932312
PH2,IMD065,mel,mel,nv,True,False,experiment5_only_correct,0.4163353741168976,0.6409581899642944
PH2,IMD080,mel,nv,nv,False,False,both_wrong,0.4382423162460327,0.7870162725448608
PH2,IMD085,mel,bkl,nv,False,False,both_wrong,0.6555670499801636,0.48798951506614685
PH2,IMD088,mel,bkl,nv,False,False,both_wrong,0.7269867658615112,0.36477741599082947
PH2,IMD090,mel,bkl,nv,False,False,both_wrong,0.3462398946285248,0.4496995806694031
PH2,IMD091,mel,df,df,False,False,both_wrong,0.7401394844055176,0.6152346134185791
PH2,IMD168,mel,mel,nv,True,False,experiment5_only_correct,0.39903783798217773,0.2615121603012085
PH2,IMD211,mel,nv,nv,False,False,both_wrong,0.8198716044425964,0.509408175945282
PH2,IMD219,mel,mel,mel,True,True,both_correct,0.7613835334777832,0.5363163352012634
PH2,IMD240,mel,nv,nv,False,False,both_wrong,0.5825768113136292,0.6500174403190613
PH2,IMD242,mel,mel,bkl,True,False,experiment5_only_correct,0.6680793762207031,0.5366209745407104
PH2,IMD284,mel,mel,mel,True,True,both_correct,0.681643009185791,0.4437239170074463
PH2,IMD285,mel,nv,nv,False,False,both_wrong,0.8094609379768372,0.7878114581108093
PH2,IMD348,mel,nv,nv,False,False,both_wrong,0.6702672839164734,0.8725289702415466
PH2,IMD349,mel,mel,mel,True,True,both_correct,0.8628435134887695,0.8163880109786987
PH2,IMD403,mel,bkl,bkl,False,False,both_wrong,0.6731441617012024,0.5070163607597351
PH2,IMD404,mel,bkl,bkl,False,False,both_wrong,0.8098488450050354,0.6249948740005493
PH2,IMD405,mel,mel,mel,True,True,both_correct,0.6968188881874084,0.5060253739356995
PH2,IMD406,mel,nv,nv,False,False,both_wrong,0.945458173751831,0.8838170170783997
PH2,IMD407,mel,bkl,nv,False,False,both_wrong,0.5881184935569763,0.48889538645744324
PH2,IMD408,mel,mel,mel,True,True,both_correct,0.7458910942077637,0.5198818445205688
PH2,IMD409,mel,nv,nv,False,False,both_wrong,0.4825703799724579,0.7475786209106445
PH2,IMD410,mel,nv,mel,False,True,egvan_only_correct,0.510087251663208,0.4975765347480774
PH2,IMD411,mel,nv,nv,False,False,both_wrong,0.8205673098564148,0.8444205522537231
PH2,IMD413,mel,bkl,bkl,False,False,both_wrong,0.6781768798828125,0.5427740216255188
PH2,IMD417,mel,bkl,nv,False,False,both_wrong,0.4249630868434906,0.48872682452201843
PH2,IMD418,mel,nv,nv,False,False,both_wrong,0.7754513025283813,0.7843819260597229
PH2,IMD419,mel,nv,nv,False,False,both_wrong,0.6259328722953796,0.47287049889564514
PH2,IMD420,mel,bkl,mel,False,True,egvan_only_correct,0.4715348184108734,0.5085310935974121
PH2,IMD421,mel,mel,bkl,True,False,experiment5_only_correct,0.7502934336662292,0.49599066376686096
PH2,IMD423,mel,nv,nv,False,False,both_wrong,0.8287535905838013,0.6258102059364319
PH2,IMD424,mel,vasc,mel,False,True,egvan_only_correct,0.6312457323074341,0.46110618114471436
PH2,IMD425,mel,bkl,mel,False,True,egvan_only_correct,0.5459120273590088,0.4152865409851074
PH2,IMD426,mel,mel,mel,True,True,both_correct,0.5862983465194702,0.5786255598068237
PH2,IMD429,mel,mel,nv,True,False,experiment5_only_correct,0.5608094930648804,0.6397678852081299
PH2,IMD435,mel,mel,mel,True,True,both_correct,0.700285792350769,0.7350950837135315
