image_id,true_label,experiment5_predicted,egvan_predicted,experiment5_correct,egvan_correct,outcome
IMD003,nv,nv,nv,True,True,both_correct
IMD009,nv,nv,nv,True,True,both_correct
IMD010,nv,bkl,bkl,False,False,both_wrong
IMD016,nv,nv,nv,True,True,both_correct
IMD017,nv,nv,nv,True,True,both_correct
IMD020,nv,bkl,nv,False,True,egvan_only_correct
IMD022,nv,nv,nv,True,True,both_correct
IMD024,nv,nv,nv,True,True,both_correct
IMD025,nv,nv,nv,True,True,both_correct
IMD035,nv,mel,mel,False,False,both_wrong
IMD038,nv,nv,nv,True,True,both_correct
IMD039,nv,nv,nv,True,True,both_correct
IMD041,nv,nv,nv,True,True,both_correct
IMD042,nv,nv,nv,True,True,both_correct
IMD044,nv,bkl,nv,False,True,egvan_only_correct
IMD045,nv,mel,nv,False,True,egvan_only_correct
IMD050,nv,nv,nv,True,True,both_correct
IMD058,mel,bkl,nv,False,False,both_wrong
IMD061,mel,nv,nv,False,False,both_wrong
IMD063,mel,nv,nv,False,False,both_wrong
IMD064,mel,nv,nv,False,False,both_wrong
IMD065,mel,mel,nv,True,False,experiment5_only_correct
IMD080,mel,nv,nv,False,False,both_wrong
IMD085,mel,bkl,nv,False,False,both_wrong
IMD088,mel,bkl,nv,False,False,both_wrong
IMD090,mel,bkl,nv,False,False,both_wrong
IMD091,mel,df,df,False,False,both_wrong
IMD092,nv,nv,nv,True,True,both_correct
IMD101,nv,nv,nv,True,True,both_correct
IMD103,nv,nv,nv,True,True,both_correct
IMD105,nv,bkl,nv,False,True,egvan_only_correct
IMD107,nv,nv,nv,True,True,both_correct
IMD108,nv,nv,nv,True,True,both_correct
IMD112,nv,mel,mel,False,False,both_wrong
IMD118,nv,nv,nv,True,True,both_correct
IMD125,nv,nv,nv,True,True,both_correct
IMD132,nv,nv,nv,True,True,both_correct
IMD133,nv,nv,nv,True,True,both_correct
IMD134,nv,nv,nv,True,True,both_correct
IMD135,nv,nv,nv,True,True,both_correct
IMD142,nv,nv,nv,True,True,both_correct
IMD143,nv,nv,nv,True,True,both_correct
IMD144,nv,nv,nv,True,True,both_correct
IMD146,nv,nv,nv,True,True,both_correct
IMD147,nv,nv,nv,True,True,both_correct
IMD150,nv,nv,nv,True,True,both_correct
IMD152,nv,nv,bkl,True,False,experiment5_only_correct
IMD156,nv,nv,nv,True,True,both_correct
IMD159,nv,nv,nv,True,True,both_correct
IMD160,nv,nv,nv,True,True,both_correct
IMD161,nv,nv,nv,True,True,both_correct
IMD162,nv,bkl,bkl,False,False,both_wrong
IMD168,mel,mel,nv,True,False,experiment5_only_correct
IMD173,nv,nv,nv,True,True,both_correct
IMD175,nv,nv,nv,True,True,both_correct
IMD176,nv,nv,nv,True,True,both_correct
IMD177,nv,nv,nv,True,True,both_correct
IMD182,nv,nv,nv,True,True,both_correct
IMD196,nv,nv,nv,True,True,both_correct
IMD197,nv,nv,nv,True,True,both_correct
IMD198,nv,bkl,bkl,False,False,both_wrong
IMD199,nv,bkl,nv,False,True,egvan_only_correct
IMD200,nv,bkl,bkl,False,False,both_wrong
IMD203,nv,nv,nv,True,True,both_correct
IMD204,nv,nv,mel,True,False,experiment5_only_correct
IMD206,nv,nv,nv,True,True,both_correct
IMD207,nv,bkl,bkl,False,False,both_wrong
IMD208,nv,nv,nv,True,True,both_correct
IMD211,mel,nv,nv,False,False,both_wrong
IMD219,mel,mel,mel,True,True,both_correct
IMD240,mel,nv,nv,False,False,both_wrong
IMD242,mel,mel,bkl,True,False,experiment5_only_correct
IMD284,mel,mel,mel,True,True,both_correct
IMD285,mel,nv,nv,False,False,both_wrong
IMD348,mel,nv,nv,False,False,both_wrong
IMD349,mel,mel,mel,True,True,both_correct
IMD364,nv,nv,nv,True,True,both_correct
IMD365,nv,nv,nv,True,True,both_correct
IMD367,nv,mel,mel,False,False,both_wrong
IMD371,nv,nv,nv,True,True,both_correct
IMD372,nv,nv,nv,True,True,both_correct
IMD374,nv,mel,nv,False,True,egvan_only_correct
IMD375,nv,mel,nv,False,True,egvan_only_correct
IMD378,nv,nv,nv,True,True,both_correct
IMD379,nv,mel,nv,False,True,egvan_only_correct
IMD380,nv,nv,nv,True,True,both_correct
IMD381,nv,nv,nv,True,True,both_correct
IMD383,nv,nv,nv,True,True,both_correct
IMD384,nv,nv,nv,True,True,both_correct
IMD385,nv,nv,nv,True,True,both_correct
IMD389,nv,nv,nv,True,True,both_correct
IMD390,nv,nv,nv,True,True,both_correct
IMD392,nv,nv,nv,True,True,both_correct
IMD394,nv,nv,nv,True,True,both_correct
IMD395,nv,nv,nv,True,True,both_correct
IMD397,nv,nv,nv,True,True,both_correct
IMD399,nv,mel,nv,False,True,egvan_only_correct
IMD400,nv,nv,nv,True,True,both_correct
IMD402,nv,nv,nv,True,True,both_correct
IMD403,mel,bkl,bkl,False,False,both_wrong
IMD404,mel,bkl,bkl,False,False,both_wrong
IMD405,mel,mel,mel,True,True,both_correct
IMD406,mel,nv,nv,False,False,both_wrong
IMD407,mel,bkl,nv,False,False,both_wrong
IMD408,mel,mel,mel,True,True,both_correct
IMD409,mel,nv,nv,False,False,both_wrong
IMD410,mel,nv,mel,False,True,egvan_only_correct
IMD411,mel,nv,nv,False,False,both_wrong
IMD413,mel,bkl,bkl,False,False,both_wrong
IMD417,mel,bkl,nv,False,False,both_wrong
IMD418,mel,nv,nv,False,False,both_wrong
IMD419,mel,nv,nv,False,False,both_wrong
IMD420,mel,bkl,mel,False,True,egvan_only_correct
IMD421,mel,mel,bkl,True,False,experiment5_only_correct
IMD423,mel,nv,nv,False,False,both_wrong
IMD424,mel,vasc,mel,False,True,egvan_only_correct
IMD425,mel,bkl,mel,False,True,egvan_only_correct
IMD426,mel,mel,mel,True,True,both_correct
IMD429,mel,mel,nv,True,False,experiment5_only_correct
IMD435,mel,mel,mel,True,True,both_correct
