metric,scope,experiment5,egvan,egvan_minus_experiment5
accuracy,overall,0.625,0.675,0.050000000000000044
balanced_accuracy,overall,0.54375,0.575,0.03125
precision,nv,0.8076923076923077,0.7526881720430108,-0.05500413564929696
recall,nv,0.7875,0.875,0.08750000000000002
f1,nv,0.7974683544303798,0.8092485549132947,0.011780200482914949
support,nv,80,80,0
precision,mel,0.6,0.7333333333333333,0.1333333333333333
recall,mel,0.3,0.275,-0.024999999999999967
f1,mel,0.4,0.4,0.0
support,mel,40,40,0
