dataset,true_class,predicted_class,error_count,mean_error_confidence
HAM10000,akiec,bkl,8,0.5658355616033077
HAM10000,akiec,mel,1,0.5208476185798645
HAM10000,akiec,nv,4,0.6545105576515198
HAM10000,bcc,akiec,4,0.5572961494326591
HAM10000,bcc,bkl,2,0.4186137169599533
HAM10000,bcc,df,1,0.46625658869743347
HAM10000,bcc,mel,3,0.5894331137339274
HAM10000,bcc,nv,4,0.6953771039843559
HAM10000,bcc,vasc,1,0.9752750396728516
HAM10000,bkl,akiec,10,0.6534502685070038
HAM10000,bkl,bcc,4,0.5007823929190636
HAM10000,bkl,df,1,0.4824197590351105
HAM10000,bkl,mel,13,0.5967692503562341
HAM10000,bkl,nv,10,0.6557545244693757
HAM10000,df,bcc,2,0.4065622240304947
HAM10000,df,nv,3,0.517290453116099
HAM10000,mel,akiec,3,0.6249676744143168
HAM10000,mel,bcc,1,0.5865820050239563
HAM10000,mel,bkl,6,0.7616751988728842
HAM10000,mel,nv,34,0.6801072893773809
HAM10000,mel,vasc,4,0.6714106202125549
HAM10000,nv,akiec,1,0.6103008985519409
HAM10000,nv,bcc,3,0.6730574369430542
HAM10000,nv,bkl,12,0.5578999693195025
HAM10000,nv,df,1,0.9007636904716492
HAM10000,nv,mel,28,0.5666062501924378
HAM10000,nv,vasc,1,0.4124700129032135
HAM10000,vasc,nv,4,0.6123089864850044
PH2,mel,bkl,11,0.5854976421052759
PH2,mel,df,1,0.7401394844055176
PH2,mel,nv,15,0.6894670784473419
PH2,mel,vasc,1,0.6312457323074341
PH2,nv,bkl,9,0.6080256137582991
PH2,nv,mel,8,0.6160262003540993
