lower_bound,upper_bound,sample_count,sample_fraction,mean_confidence,empirical_accuracy,absolute_calibration_gap
0.0,0.1,0,0.0,,,
0.1,0.2,0,0.0,,,
0.2,0.3,2,0.0019723865877712033,0.2628415375947952,1.0,0.7371584624052048
0.3,0.4,18,0.01775147928994083,0.3679834124114778,0.3333333333333333,0.03465007907814449
0.4,0.5,44,0.04339250493096647,0.4610901407220147,0.29545454545454547,0.16563559526746924
0.5,0.6,101,0.09960552268244575,0.5521351919315829,0.5841584158415841,0.03202322391000123
0.6,0.7,115,0.11341222879684418,0.6506448160047117,0.6695652173913044,0.018920401386592678
0.7,0.8,120,0.11834319526627218,0.7583782722552618,0.8416666666666667,0.0832883944114049
0.8,0.9,154,0.15187376725838264,0.8532707435744149,0.8831168831168831,0.029846139542468175
0.9,1.0,460,0.4536489151873767,0.9582944355581118,0.9804347826086957,0.022140347050583875
