dataset,image_id,true_class,predicted_class,confidence,confidence_band,true_class_probability,entropy,top1_top2_margin
HAM10000,ISIC_0029201,bcc,vasc,0.9752750396728516,VERY_HIGH,0.0032151557970792055,0.15072559274890673,0.9660124722868204
HAM10000,ISIC_0026468,akiec,nv,0.9689148664474487,VERY_HIGH,0.008661530911922455,0.17610515976883762,0.9563600113615394
PH2,IMD406,mel,nv,0.945458173751831,VERY_HIGH,0.033566709607839584,0.27203118355150824,0.9118914641439915
HAM10000,ISIC_0033722,bkl,nv,0.941249430179596,VERY_HIGH,0.013801760040223598,0.2645761952405528,0.8980359025299549
HAM10000,ISIC_0024700,mel,nv,0.9283385276794434,VERY_HIGH,0.06864198297262192,0.2749412540343718,0.8596965447068214
HAM10000,ISIC_0034209,nv,bkl,0.9213780164718628,VERY_HIGH,0.06418746709823608,0.3288041168284362,0.8571905493736267
HAM10000,ISIC_0026475,mel,nv,0.9168534874916077,VERY_HIGH,0.07533344626426697,0.32073608123084757,0.8415200412273407
HAM10000,ISIC_0030107,mel,nv,0.912595808506012,VERY_HIGH,0.050612736493349075,0.3718620561663958,0.8619830720126629
HAM10000,ISIC_0033336,mel,nv,0.9035890102386475,VERY_HIGH,0.0026676005218178034,0.35620342019889883,0.8155946135520935
HAM10000,ISIC_0031965,nv,df,0.9007636904716492,VERY_HIGH,0.0715244859457016,0.4148827133236984,0.8292392045259476
HAM10000,ISIC_0025941,mel,nv,0.8924393653869629,HIGH,0.09369570016860962,0.3956231968169005,0.7987436652183533
HAM10000,ISIC_0032441,mel,bkl,0.8870007991790771,HIGH,0.01688903011381626,0.46964800021046177,0.826551154255867
HAM10000,ISIC_0027573,mel,bkl,0.8759542107582092,HIGH,0.05880000814795494,0.5066668224710325,0.8171542026102543
HAM10000,ISIC_0025472,mel,nv,0.8757923245429993,HIGH,0.10277590155601501,0.4515917435756055,0.7730164229869843
HAM10000,ISIC_0028017,mel,nv,0.8698866963386536,HIGH,0.037221018224954605,0.49533272435022835,0.7833769172430038
HAM10000,ISIC_0027797,mel,nv,0.8640111088752747,HIGH,0.09018111228942871,0.5196218222410843,0.773829996585846
HAM10000,ISIC_0034197,bkl,akiec,0.8497593998908997,HIGH,0.13236698508262634,0.4845404182308311,0.7173924148082733
HAM10000,ISIC_0028098,nv,bkl,0.8461537957191467,HIGH,0.11131686717271805,0.5559791403094675,0.7348369285464287
HAM10000,ISIC_0031844,mel,nv,0.8419798016548157,HIGH,0.028020154684782028,0.5983502456747624,0.7396363690495491
HAM10000,ISIC_0024696,bkl,mel,0.8403642773628235,HIGH,0.06898130476474762,0.5748891600504504,0.7558466196060181
HAM10000,ISIC_0033609,bcc,nv,0.8289109468460083,HIGH,0.021109065040946007,0.6587326937414385,0.7289889231324196
PH2,IMD423,mel,nv,0.8287535905838013,HIGH,0.14628368616104126,0.5333583053134467,0.68246990442276
HAM10000,ISIC_0032959,bcc,nv,0.8276687860488892,HIGH,0.06227605417370796,0.6718835652848341,0.7561151534318924
HAM10000,ISIC_0032251,nv,bcc,0.8267565965652466,HIGH,0.020466305315494537,0.7475599344293281,0.7828865833580494
HAM10000,ISIC_0025984,bkl,nv,0.8259719014167786,HIGH,0.028208058327436447,0.6504802470522064,0.7243907898664474
HAM10000,ISIC_0029434,mel,nv,0.8220945000648499,HIGH,0.14971452951431274,0.5477226298886123,0.6723799705505371
PH2,IMD061,mel,nv,0.8214719891548157,HIGH,0.12646986544132233,0.6302990302069686,0.6950021237134933
PH2,IMD411,mel,nv,0.8205673098564148,HIGH,0.024110615253448486,0.7571089614368685,0.7674270235002041
PH2,IMD211,mel,nv,0.8198716044425964,HIGH,0.011544491164386272,0.5262460502960425,0.6533045768737793
HAM10000,ISIC_0028619,akiec,bkl,0.8168959617614746,HIGH,0.009399608708918095,0.6597751411119691,0.6880223602056503
PH2,IMD399,nv,mel,0.8166708946228027,HIGH,0.16951993107795715,0.5279302020176375,0.6471509635448456
PH2,IMD404,mel,bkl,0.8098488450050354,HIGH,0.04778775945305824,0.6858784870473053,0.6992801800370216
HAM10000,ISIC_0031554,mel,nv,0.8095019459724426,HIGH,0.17886897921562195,0.5371289458210099,0.6306329667568207
PH2,IMD285,mel,nv,0.8094609379768372,HIGH,0.11961270868778229,0.6209311866563043,0.6898482292890549
HAM10000,ISIC_0030365,bkl,mel,0.8071752786636353,HIGH,0.10272109508514404,0.6879157545179196,0.7044541835784912
HAM10000,ISIC_0026506,mel,vasc,0.7876397967338562,HIGH,0.10976456105709076,0.7153859674007765,0.6778752356767654
PH2,IMD044,nv,bkl,0.7864394187927246,HIGH,0.12639231979846954,0.7471824603785645,0.6600470989942551
HAM10000,ISIC_0032877,bkl,mel,0.7821701765060425,HIGH,0.08855338394641876,0.7820632947781231,0.6936167925596237
HAM10000,ISIC_0029486,vasc,nv,0.7821462750434875,HIGH,0.019830815494060516,0.78674932892488,0.6781894788146019
HAM10000,ISIC_0029396,bkl,nv,0.7786353826522827,HIGH,0.1836821734905243,0.6646294170230712,0.5949532091617584
PH2,IMD418,mel,nv,0.7754513025283813,HIGH,0.010847275145351887,0.6640674759430434,0.5822376161813736
HAM10000,ISIC_0032253,nv,bcc,0.7746288180351257,HIGH,0.04772802069783211,0.8398778490730053,0.6648703366518021
HAM10000,ISIC_0032430,mel,bkl,0.772185742855072,HIGH,0.16732338070869446,0.7280352781131658,0.6048623621463776
HAM10000,ISIC_0028285,mel,bkl,0.7690880298614502,HIGH,0.12865309417247772,0.7284036990082632,0.6404349356889725
HAM10000,ISIC_0033362,mel,nv,0.7646484971046448,HIGH,0.2207937091588974,0.6010960606278193,0.5438547879457474
HAM10000,ISIC_0029802,bkl,bcc,0.7637042999267578,HIGH,0.09900911152362823,0.7474111505986271,0.6348240375518799
HAM10000,ISIC_0033572,nv,mel,0.7518153786659241,HIGH,0.24217930436134338,0.5974405216653991,0.5096360743045807
PH2,IMD020,nv,bkl,0.7517984509468079,HIGH,0.2292855679988861,0.6326943122681806,0.5225128829479218
HAM10000,ISIC_0031691,bkl,nv,0.7515531778335571,HIGH,0.019148416817188263,0.8915428190803089,0.6542770341038704
HAM10000,ISIC_0031593,bkl,akiec,0.7497844099998474,MODERATE,0.1442212015390396,0.8687108858002298,0.6055632084608078
HAM10000,ISIC_0031289,bkl,akiec,0.7490889430046082,MODERATE,0.21714742481708527,0.6973145297693008,0.5319415181875229
PH2,IMD091,mel,df,0.7401394844055176,MODERATE,0.002087036147713661,0.8045679153347547,0.5651972442865372
PH2,IMD200,nv,bkl,0.7393268346786499,MODERATE,0.2490987777709961,0.6377253374574804,0.4902280569076538
PH2,IMD010,nv,bkl,0.7382360696792603,MODERATE,0.15973272919654846,0.884579432786348,0.5785033404827118
HAM10000,ISIC_0032542,nv,mel,0.737164318561554,MODERATE,0.25826409459114075,0.6048079539193364,0.4789002239704132
HAM10000,ISIC_0030273,nv,mel,0.7369310259819031,MODERATE,0.20483829081058502,0.7415751394001976,0.532092735171318
PH2,IMD088,mel,bkl,0.7269867658615112,MODERATE,0.06628003716468811,0.7730983037414062,0.5266808569431305
HAM10000,ISIC_0033061,mel,vasc,0.7131292223930359,MODERATE,0.041569944471120834,1.0244869163526789,0.5763599425554276
HAM10000,ISIC_0028999,nv,mel,0.711796224117279,MODERATE,0.2875916659832001,0.6056011951129591,0.424204558134079
HAM10000,ISIC_0030754,mel,nv,0.7100736498832703,MODERATE,0.28244778513908386,0.6438583627963271,0.4276258647441864
PH2,IMD379,nv,mel,0.7069344520568848,MODERATE,0.2884303331375122,0.6331481665199147,0.41850411891937256
HAM10000,ISIC_0025751,mel,nv,0.7059108018875122,MODERATE,0.28410181403160095,0.6544792174493945,0.42180898785591125
PH2,IMD375,nv,mel,0.701469361782074,MODERATE,0.2817634344100952,0.6996507065888513,0.41970592737197876
HAM10000,ISIC_0026439,bcc,nv,0.6989842653274536,MODERATE,0.01149838324636221,0.9306998509011755,0.4952700585126877
HAM10000,ISIC_0029126,bkl,akiec,0.6966429352760315,MODERATE,0.09173732250928879,0.8403512473179209,0.492716908454895
HAM10000,ISIC_0033321,bkl,mel,0.6931536197662354,MODERATE,0.29522445797920227,0.6736143900340195,0.3979291617870331
HAM10000,ISIC_0026337,bcc,mel,0.6870241761207581,MODERATE,0.032991062849760056,0.8994137901618297,0.45350413024425507
PH2,IMD064,mel,nv,0.6865614056587219,MODERATE,0.14511063694953918,0.976433472127837,0.5414507687091827
HAM10000,ISIC_0028842,bkl,akiec,0.6815989017486572,MODERATE,0.304829865694046,0.6952168874542072,0.3767690360546112
HAM10000,ISIC_0025086,bkl,mel,0.6809048056602478,MODERATE,0.06989927589893341,0.804527042059637,0.433332234621048
PH2,IMD413,mel,bkl,0.6781768798828125,MODERATE,0.039774518460035324,1.0792193904007967,0.5483014136552811
HAM10000,ISIC_0033051,mel,vasc,0.6758803129196167,MODERATE,0.0746150016784668,1.0535952388496836,0.534000426530838
PH2,IMD403,mel,bkl,0.6731441617012024,MODERATE,0.03301040455698967,0.9590273515640939,0.4515979140996933
HAM10000,ISIC_0026549,akiec,nv,0.6729337573051453,MODERATE,0.07330331951379776,1.0078168641873262,0.4984140843153
HAM10000,ISIC_0026247,mel,nv,0.6706665754318237,MODERATE,0.2801220118999481,0.7905872820221702,0.3905445635318756
HAM10000,ISIC_0033146,bcc,akiec,0.6703224778175354,MODERATE,0.2703063189983368,0.8586241571974205,0.4000161588191986
PH2,IMD348,mel,nv,0.6702672839164734,MODERATE,0.10372153669595718,0.9605768048522344,0.4742536246776581
PH2,IMD162,nv,bkl,0.667556643486023,MODERATE,0.136552631855011,0.8779792639951729,0.47423285245895386
HAM10000,ISIC_0031908,mel,nv,0.6660641431808472,MODERATE,0.3303702771663666,0.6605938672147823,0.3356938660144806
HAM10000,ISIC_0027359,mel,nv,0.664764404296875,MODERATE,0.11141922324895859,0.9735364956204186,0.4776248633861542
HAM10000,ISIC_0029563,akiec,bkl,0.6577110886573792,MODERATE,0.015400057658553123,0.7978780194731344,0.3512490391731262
HAM10000,ISIC_0026414,nv,mel,0.6559270620346069,MODERATE,0.2614198625087738,0.8416167280707291,0.39450719952583313
PH2,IMD085,mel,bkl,0.6555670499801636,MODERATE,0.019815750420093536,0.9647276620271752,0.4195235073566437
HAM10000,ISIC_0025531,mel,akiec,0.6535152196884155,MODERATE,0.03994262218475342,0.8023609162692371,0.35255587100982666
HAM10000,ISIC_0031429,df,nv,0.6529642343521118,MODERATE,0.05680519714951515,1.1933147410118343,0.5465267822146416
HAM10000,ISIC_0032888,mel,nv,0.6526964902877808,MODERATE,0.31377947330474854,0.7588714130704326,0.3389170169830322
HAM10000,ISIC_0033717,mel,nv,0.6520193219184875,MODERATE,0.30056384205818176,0.8372976318825881,0.3514554798603058
HAM10000,ISIC_0031543,mel,bkl,0.6460511684417725,MODERATE,0.1509978175163269,1.0439994393668606,0.49505335092544556
HAM10000,ISIC_0034196,vasc,nv,0.6398986577987671,MODERATE,0.14992541074752808,0.9958650230460832,0.4644468426704407
HAM10000,ISIC_0026921,nv,mel,0.6391602158546448,MODERATE,0.3019179403781891,0.8330068944448414,0.3372422754764557
HAM10000,ISIC_0027991,bkl,akiec,0.6388890743255615,MODERATE,0.17330332100391388,1.0887407279135646,0.46558575332164764
HAM10000,ISIC_0033333,mel,nv,0.6387273669242859,MODERATE,0.3548116385936737,0.6940078772184975,0.2839157283306122
HAM10000,ISIC_0026709,akiec,bkl,0.6385967135429382,MODERATE,0.3040176033973694,0.8645818174671516,0.33457911014556885
HAM10000,ISIC_0028859,nv,mel,0.6338292360305786,MODERATE,0.36540210247039795,0.6633501389853943,0.26842713356018066
HAM10000,ISIC_0027240,nv,mel,0.6331458687782288,MODERATE,0.33364444971084595,0.8019386815139044,0.2995014190673828
PH2,IMD424,mel,vasc,0.6312457323074341,MODERATE,0.04595111310482025,0.9263896248356194,0.33768919110298157
HAM10000,ISIC_0030122,mel,nv,0.6282835602760315,MODERATE,0.36719101667404175,0.6905040992653542,0.26109254360198975
PH2,IMD367,nv,mel,0.6274699568748474,MODERATE,0.27735257148742676,0.9360507663638932,0.35011738538742065
HAM10000,ISIC_0028441,nv,mel,0.6270344257354736,MODERATE,0.34224700927734375,0.8071708818798119,0.2847874164581299
PH2,IMD419,mel,nv,0.6259328722953796,MODERATE,0.313205748796463,0.8603499891626843,0.3127271234989166
HAM10000,ISIC_0027328,mel,akiec,0.6208989024162292,MODERATE,0.20635658502578735,0.9680173260275512,0.4145423173904419
HAM10000,ISIC_0028969,mel,bkl,0.6197712421417236,MODERATE,0.04871044307947159,1.0200083964872897,0.34259241819381714
HAM10000,ISIC_0024869,nv,mel,0.6167556047439575,MODERATE,0.37997210025787354,0.6885947801412475,0.23678350448608398
HAM10000,ISIC_0028767,nv,akiec,0.6103008985519409,MODERATE,0.012878429144620895,1.0481427747190282,0.3338702619075775
HAM10000,ISIC_0024336,bkl,nv,0.607068657875061,MODERATE,0.27685269713401794,1.0004026689089864,0.3302159607410431
HAM10000,ISIC_0033359,nv,mel,0.606653094291687,MODERATE,0.38410884141921997,0.7190873724440203,0.22254425287246704
HAM10000,ISIC_0032151,nv,mel,0.6060184240341187,MODERATE,0.3608115613460541,0.8291872971315576,0.24520686268806458
HAM10000,ISIC_0026321,bcc,mel,0.605690598487854,MODERATE,0.13664080202579498,1.1149333842826792,0.4047812819480896
HAM10000,ISIC_0030238,mel,nv,0.6045383214950562,MODERATE,0.390319287776947,0.7012090961259548,0.21421903371810913
HAM10000,ISIC_0032915,mel,akiec,0.6004889011383057,MODERATE,0.1438877284526825,1.2008701330131837,0.45518913865089417
HAM10000,ISIC_0029227,bkl,nv,0.5978579521179199,MODERATE,0.36332812905311584,0.8514802987574488,0.23452982306480408
HAM10000,ISIC_0034205,mel,nv,0.5974576473236084,MODERATE,0.3637946844100952,0.8278747751016928,0.23366296291351318
HAM10000,ISIC_0029545,bcc,akiec,0.5947283506393433,MODERATE,0.2701675295829773,1.0422166056831987,0.32456082105636597
HAM10000,ISIC_0028749,bkl,akiec,0.5936344861984253,MODERATE,0.3593549430370331,0.8816832028297873,0.2342795431613922
HAM10000,ISIC_0029166,bkl,nv,0.5908393263816833,MODERATE,0.3301386833190918,0.91293737735492,0.26070064306259155
HAM10000,ISIC_0033625,nv,mel,0.590614914894104,MODERATE,0.40671688318252563,0.6940596734180825,0.18389803171157837
HAM10000,ISIC_0027130,mel,nv,0.5902942419052124,MODERATE,0.32219353318214417,0.9310383258119181,0.26810070872306824
HAM10000,ISIC_0027767,akiec,bkl,0.588769793510437,MODERATE,0.02232203632593155,1.0010526281770162,0.2742389738559723
PH2,IMD407,mel,bkl,0.5881184935569763,MODERATE,0.15492545068264008,0.9696242551492392,0.33418187499046326
HAM10000,ISIC_0025777,bkl,mel,0.5867917537689209,MODERATE,0.04132012277841568,0.8614353804866137,0.22457310557365417
HAM10000,ISIC_0027069,mel,bcc,0.5865820050239563,MODERATE,0.019934991374611855,1.113184856311262,0.37142182886600494
HAM10000,ISIC_0030172,bkl,akiec,0.5862136483192444,MODERATE,0.32755401730537415,0.9823192101955889,0.25865963101387024
PH2,IMD035,nv,mel,0.5851919054985046,MODERATE,0.3257083594799042,0.9808280438635684,0.25948354601860046
HAM10000,ISIC_0030603,nv,bkl,0.583387553691864,MODERATE,0.047173719853162766,0.923453362309733,0.23434990644454956
PH2,IMD240,mel,nv,0.5825768113136292,MODERATE,0.3316182792186737,0.9496088638384632,0.25095853209495544
HAM10000,ISIC_0033612,mel,nv,0.5718768239021301,MODERATE,0.3352055251598358,1.0007320996833715,0.2366712987422943
HAM10000,ISIC_0027932,nv,mel,0.5680662393569946,MODERATE,0.39734947681427,0.8185161844618234,0.1707167625427246
HAM10000,ISIC_0029354,nv,mel,0.5620850324630737,MODERATE,0.38480889797210693,0.856222061167787,0.1772761344909668
HAM10000,ISIC_0029013,mel,nv,0.5586799383163452,MODERATE,0.43765726685523987,0.7132283889654721,0.12102267146110535
HAM10000,ISIC_0031919,nv,bkl,0.5584123134613037,MODERATE,0.12472037225961685,1.1277859416515956,0.30250275135040283
HAM10000,ISIC_0026085,bkl,mel,0.5573145747184753,MODERATE,0.383036345243454,0.9123072643628058,0.17427822947502136
HAM10000,ISIC_0027640,nv,mel,0.5572440028190613,MODERATE,0.42808911204338074,0.7740975678151314,0.12915489077568054
HAM10000,ISIC_0032154,akiec,nv,0.5568817853927612,MODERATE,0.11650100350379944,1.2153623635621946,0.33859066665172577
HAM10000,ISIC_0031901,vasc,nv,0.5556020140647888,MODERATE,0.0685974508523941,1.3463665715009412,0.3975038081407547
HAM10000,ISIC_0026955,bkl,bcc,0.5511474609375,MODERATE,0.16279959678649902,1.2626707270491537,0.35663455724716187
HAM10000,ISIC_0025980,df,nv,0.5508714318275452,MODERATE,0.4306982457637787,0.7755972170521979,0.12017318606376648
HAM10000,ISIC_0024682,nv,mel,0.547518789768219,MODERATE,0.4001823365688324,0.9037194394283086,0.1473364531993866
PH2,IMD425,mel,bkl,0.5459120273590088,MODERATE,0.2051912099123001,1.0111240660076213,0.29840418696403503
HAM10000,ISIC_0030793,nv,mel,0.5455979108810425,MODERATE,0.4514339864253998,0.709932093142381,0.0941639244556427
HAM10000,ISIC_0025206,nv,bkl,0.5427783131599426,MODERATE,0.4456060826778412,0.754263273397799,0.09717223048210144
HAM10000,ISIC_0028702,bkl,akiec,0.5386501550674438,MODERATE,0.2671724557876587,1.042640627648511,0.27147769927978516
HAM10000,ISIC_0026371,nv,bkl,0.5380261540412903,MODERATE,0.30387547612190247,1.1068057977917496,0.23415067791938782
PH2,IMD374,nv,mel,0.5356232523918152,MODERATE,0.3201477825641632,1.0591722906077097,0.21547546982765198
HAM10000,ISIC_0034188,mel,nv,0.5350654125213623,MODERATE,0.02945827879011631,1.2007898012291045,0.3189849704504013
PH2,IMD045,nv,mel,0.5332418084144592,MODERATE,0.35730308294296265,0.9592722221542269,0.17593872547149658
HAM10000,ISIC_0030833,nv,bkl,0.5321873426437378,MODERATE,0.4343586564064026,0.8522369102013794,0.0978286862373352
HAM10000,ISIC_0029281,mel,nv,0.5284401774406433,MODERATE,0.46543681621551514,0.7329064258378484,0.06300336122512817
HAM10000,ISIC_0029705,mel,nv,0.5281519889831543,MODERATE,0.4579710066318512,0.7566661342467963,0.0701809823513031
PH2,IMD063,mel,nv,0.5247329473495483,MODERATE,0.10192301124334335,0.9488037702359822,0.15264156460762024
HAM10000,ISIC_0027218,bkl,nv,0.5224721431732178,MODERATE,0.2076222151517868,1.2402587859185463,0.31484992802143097
HAM10000,ISIC_0025286,bkl,mel,0.5217185020446777,MODERATE,0.004387711640447378,0.7783591244359136,0.05769243836402893
HAM10000,ISIC_0029533,akiec,mel,0.5208476185798645,MODERATE,0.29938986897468567,1.2408288867287975,0.22145774960517883
PH2,IMD058,mel,bkl,0.5199820399284363,MODERATE,0.09892584383487701,1.3231747725082483,0.2608698308467865
HAM10000,ISIC_0030841,nv,mel,0.5198544263839722,MODERATE,0.4779778718948364,0.7087241585356752,0.04187655448913574
HAM10000,ISIC_0033283,nv,mel,0.5190466642379761,MODERATE,0.4707548916339874,0.748559956616009,0.04829177260398865
PH2,IMD410,mel,nv,0.510087251663208,MODERATE,0.4519122540950775,0.829699823312658,0.05817499756813049
HAM10000,ISIC_0033405,mel,vasc,0.5089931488037109,MODERATE,0.045607902109622955,0.8940619045375019,0.07192426919937134
HAM10000,ISIC_0028952,bkl,mel,0.5078016519546509,MODERATE,0.22799181938171387,1.253350338843384,0.279809832572937
HAM10000,ISIC_0027087,nv,mel,0.5073425769805908,MODERATE,0.4719725251197815,0.8080481289556207,0.035370051860809326
HAM10000,ISIC_0030303,nv,bkl,0.506393313407898,MODERATE,0.4841485619544983,0.7529088966304783,0.022244751453399658
HAM10000,ISIC_0030085,nv,mel,0.5041335821151733,MODERATE,0.38202938437461853,0.969405618035585,0.12210419774055481
HAM10000,ISIC_0027005,nv,mel,0.4981342554092407,LOW,0.37018194794654846,1.0760206826087915,0.12795230746269226
HAM10000,ISIC_0029348,nv,bkl,0.49788108468055725,LOW,0.3031620383262634,1.0515549912194422,0.19471904635429382
PH2,IMD199,nv,bkl,0.49649301171302795,LOW,0.4897512197494507,0.7695190269115174,0.0067417919635772705
HAM10000,ISIC_0034070,bkl,nv,0.49522438645362854,LOW,0.42649340629577637,0.9872249855595626,0.06873098015785217
HAM10000,ISIC_0031640,bcc,akiec,0.49200937151908875,LOW,0.10064341127872467,1.2647929071235675,0.22135528922080994
HAM10000,ISIC_0032822,nv,mel,0.4903527796268463,LOW,0.4743388593196869,0.8421162779963436,0.016013920307159424
HAM10000,ISIC_0034175,bkl,mel,0.4899449944496155,LOW,0.11774390190839767,1.1664070456485411,0.15778350830078125
HAM10000,ISIC_0034120,mel,nv,0.48769909143447876,LOW,0.48579779267311096,0.8237738570686852,0.0019012987613677979
HAM10000,ISIC_0028232,akiec,bkl,0.48294979333877563,LOW,0.15107907354831696,1.2291662512851684,0.1968114972114563
PH2,IMD409,mel,nv,0.4825703799724579,LOW,0.46047189831733704,0.9374106863075155,0.02209848165512085
HAM10000,ISIC_0025016,bkl,df,0.4824197590351105,LOW,0.12933531403541565,1.388621815220638,0.24981924891471863
HAM10000,ISIC_0025467,bcc,mel,0.47558456659317017,LOW,0.3125057518482208,1.3037568304021512,0.16307881474494934
HAM10000,ISIC_0031233,mel,nv,0.47457948327064514,LOW,0.46449217200279236,0.9125513902110257,0.010087311267852783
HAM10000,ISIC_0028994,bcc,akiec,0.4721243977546692,LOW,0.0705874115228653,1.0532115249776708,0.049740612506866455
HAM10000,ISIC_0033749,vasc,nv,0.47158899903297424,LOW,0.32793864607810974,1.1159420844400705,0.1436503529548645
PH2,IMD420,mel,bkl,0.4715348184108734,LOW,0.430176705121994,1.038701513613611,0.041358113288879395
PH2,IMD207,nv,bkl,0.4700201749801636,LOW,0.2667653262615204,1.1293419232211757,0.2032548487186432
HAM10000,ISIC_0031056,bcc,df,0.46625658869743347,LOW,0.3075754940509796,1.197280615886312,0.15868109464645386
HAM10000,ISIC_0033235,bkl,mel,0.46234896779060364,LOW,0.32214176654815674,1.1226864347629246,0.1402072012424469
HAM10000,ISIC_0031394,bkl,mel,0.46114715933799744,LOW,0.37490999698638916,1.1589896239150077,0.08623716235160828
PH2,IMD198,nv,bkl,0.4595043659210205,LOW,0.4541510045528412,0.9363040035597202,0.005353361368179321
HAM10000,ISIC_0029827,akiec,bkl,0.4589787721633911,LOW,0.3257826566696167,1.2827440937450312,0.13319611549377441
HAM10000,ISIC_0027562,akiec,bkl,0.4532258212566376,LOW,0.3087714612483978,1.1440407466872504,0.14445436000823975
HAM10000,ISIC_0031221,nv,mel,0.45232564210891724,LOW,0.4054620862007141,1.0727846808893424,0.046863555908203125
HAM10000,ISIC_0030276,bkl,akiec,0.45024073123931885,LOW,0.44239550828933716,1.1065954549178818,0.00784522294998169
HAM10000,ISIC_0033523,bkl,nv,0.44667288661003113,LOW,0.2165248692035675,1.3519711973028103,0.23014801740646362
HAM10000,ISIC_0034005,mel,nv,0.4446120858192444,LOW,0.2553192377090454,1.2607348373241962,0.18929284811019897
HAM10000,ISIC_0032247,df,bcc,0.44373777508735657,LOW,0.014774313196539879,1.3362155134210398,0.13905921578407288
HAM10000,ISIC_0028928,bcc,bkl,0.44082996249198914,LOW,0.1609102487564087,1.3702135760178675,0.24730294942855835
PH2,IMD080,mel,nv,0.4382423162460327,LOW,0.41169053316116333,1.0641542951057117,0.026551783084869385
HAM10000,ISIC_0029360,akiec,bkl,0.42955654859542847,LOW,0.10366064310073853,1.4346872669344743,0.192448690533638
HAM10000,ISIC_0032414,bcc,nv,0.42594441771507263,LOW,0.37369856238365173,1.2131888259565782,0.0522458553314209
PH2,IMD417,mel,bkl,0.4249630868434906,LOW,0.19389840960502625,1.4026499125274208,0.14897391200065613
PH2,IMD112,nv,mel,0.42160797119140625,LOW,0.16836044192314148,1.0677484417854888,0.017732292413711548
HAM10000,ISIC_0026083,akiec,nv,0.4193118214607239,LOW,0.41890254616737366,1.1421729512519487,0.0004092752933502197
HAM10000,ISIC_0032788,nv,bcc,0.4177868962287903,LOW,0.3701387047767639,1.2789148100225156,0.04764819145202637
HAM10000,ISIC_0024888,nv,vasc,0.4124700129032135,LOW,0.40686914324760437,1.2751181572632744,0.005600869655609131
HAM10000,ISIC_0025964,mel,nv,0.41208523511886597,LOW,0.2020145207643509,1.3517554148435325,0.11844274401664734
HAM10000,ISIC_0032186,nv,bkl,0.40686094760894775,LOW,0.3436164855957031,1.3335294782455869,0.06324446201324463
HAM10000,ISIC_0032718,mel,nv,0.3992300033569336,LOW,0.3127477765083313,1.4003302635992532,0.0864822268486023
HAM10000,ISIC_0031714,nv,bkl,0.3972613215446472,LOW,0.19465239346027374,1.4331329412503828,0.1458539068698883
HAM10000,ISIC_0031378,bcc,bkl,0.3963974714279175,LOW,0.15736836194992065,1.4056820133111458,0.16518084704875946
HAM10000,ISIC_0027406,nv,mel,0.3923034071922302,LOW,0.22994859516620636,1.1262338395731428,0.02448752522468567
HAM10000,ISIC_0028926,df,bcc,0.3693866729736328,LOW,0.02702087163925171,1.3094696882985883,0.014844119548797607
HAM10000,ISIC_0032348,bkl,mel,0.3671644926071167,LOW,0.2696746587753296,1.2600267637712668,0.06038707494735718
HAM10000,ISIC_0027654,nv,bkl,0.36407947540283203,LOW,0.2925460636615753,1.3277622629105659,0.07153341174125671
PH2,IMD105,nv,bkl,0.36285555362701416,LOW,0.35169166326522827,1.1212578282685124,0.011163890361785889
HAM10000,ISIC_0028223,bkl,bcc,0.35511356592178345,LOW,0.30973559617996216,1.3116494775150318,0.04537796974182129
HAM10000,ISIC_0031123,df,nv,0.34803569316864014,LOW,0.2913632094860077,1.465841488120415,0.056672483682632446
PH2,IMD090,mel,bkl,0.3462398946285248,LOW,0.28204137086868286,1.3362931456983271,0.04217258095741272
HAM10000,ISIC_0026097,nv,mel,0.34617000818252563,LOW,0.08061257749795914,1.465307887834487,0.03556203842163086
HAM10000,ISIC_0025419,bkl,bcc,0.333164244890213,LOW,0.17150349915027618,1.5394435075301005,0.059779077768325806
HAM10000,ISIC_0033512,nv,mel,0.3079538941383362,LOW,0.2195480763912201,1.5017428690099512,0.022586286067962646
