epoch,train_loss,val_loss,val_accuracy,val_balanced_accuracy,val_macro_precision,val_macro_recall,val_macro_f1,val_weighted_f1,val_mel_precision,val_mel_recall,val_mel_f1,val_nv_recall,eligible,learning_rate,optimizer_steps,amp_skips
1,0.12310613592992481,0.10239740912981982,0.7068965517241379,0.4555698780334332,0.4664306612258033,0.4555698780334332,0.4425201834016739,0.713568128075317,0.3173913043478261,0.6822429906542056,0.43323442136498513,0.8174962292609351,False,0.001,501,0
2,0.08911326096084664,0.10317302259482428,0.7525354969574036,0.44351227339891064,0.6050476244411938,0.44351227339891064,0.47814420521462403,0.6998400664495993,0.7777777777777778,0.19626168224299065,0.3134328358208955,0.9909502262443439,False,0.001,501,0
3,0.0805257831254529,0.0901017542739548,0.7616632860040567,0.5477088583683719,0.6032324310849997,0.5477088583683719,0.5394339221060226,0.7543038066606292,0.43089430894308944,0.4953271028037383,0.4608695652173913,0.9049773755656109,False,0.001,501,0
4,0.07183442548410043,0.09020382679364139,0.781947261663286,0.6156552281042812,0.5906373661154921,0.6156552281042812,0.5760884913649132,0.7660990812516139,0.569620253164557,0.4205607476635514,0.48387096774193544,0.9457013574660633,False,0.001,501,0
5,0.06975304787503282,0.08307316015204358,0.7758620689655172,0.6292214634103888,0.5791368228247812,0.6292214634103888,0.5900937785305166,0.7771331464012742,0.48623853211009177,0.4953271028037383,0.49074074074074076,0.8883861236802413,False,0.001,501,0
6,0.06432128065566085,0.0799073376947859,0.7900608519269777,0.5984235651175615,0.6893628880123478,0.5984235651175615,0.6252849919792135,0.7793437867418664,0.5047619047619047,0.4953271028037383,0.5,0.9306184012066365,False,0.001,501,0
7,0.060930834580456845,0.0801097423246255,0.7829614604462475,0.6715877985427378,0.607425351453835,0.6715877985427378,0.616080820785912,0.7807250780806131,0.6060606060606061,0.37383177570093457,0.4624277456647399,0.9034690799396682,False,0.001,501,0
8,0.0590878543800123,0.07884534316904404,0.7880324543610547,0.6364127951187912,0.6413844301929983,0.6364127951187912,0.6204229773643269,0.7879436065254536,0.48854961832061067,0.5981308411214953,0.5378151260504201,0.8959276018099548,False,0.001,501,0
9,0.057303988641675234,0.0877031594152141,0.7647058823529411,0.6186909997065254,0.6172551197506241,0.6186909997065254,0.608958607301478,0.7736675211463311,0.42857142857142855,0.6448598130841121,0.5149253731343283,0.8521870286576169,False,0.001,501,0
10,0.05779258628060352,0.10357070908434009,0.7616632860040567,0.6037844562616604,0.5653062956931499,0.6037844562616604,0.5588316255268493,0.767375667871211,0.5568181818181818,0.45794392523364486,0.5025641025641026,0.8808446455505279,False,0.0005,501,0
11,0.04330331208469045,0.08599924312009047,0.7931034482758621,0.6619531473562678,0.602099154881043,0.6619531473562678,0.6178423814424255,0.7961534054042524,0.5,0.5420560747663551,0.5201793721973095,0.9019607843137255,False,0.0005,501,0
12,0.03797639922720525,0.0793324283014371,0.8204868154158215,0.6751239859834958,0.6533386117034706,0.6751239859834958,0.6532891096983449,0.8163802933477262,0.6304347826086957,0.5420560747663551,0.5829145728643216,0.9336349924585219,False,0.00025,501,0
13,0.029180545193455178,0.07719151430024669,0.8316430020283976,0.6728569612728207,0.7041971497805921,0.6728569612728207,0.6820386163199247,0.8250670528189783,0.6705882352941176,0.5327102803738317,0.5937499999999999,0.9457013574660633,False,0.00025,501,0
14,0.027181399460586807,0.07410776640362206,0.8296146044624746,0.6574259626092767,0.6938315547325767,0.6574259626092767,0.6712537990687111,0.8243435992456105,0.6140350877192983,0.6542056074766355,0.6334841628959277,0.942684766214178,True,0.00025,501,0
15,0.024239641291345572,0.075084916094949,0.8164300202839757,0.6809624982891841,0.6676868684707026,0.6809624982891841,0.671080697441929,0.8146973954276369,0.5714285714285714,0.5981308411214953,0.5844748858447488,0.9215686274509803,True,0.00025,501,0
16,0.022197987443313735,0.07805258278408168,0.8052738336713996,0.6479869902297912,0.6770333028515477,0.6479869902297912,0.6579788728197551,0.800488844631502,0.5730337078651685,0.4766355140186916,0.5204081632653061,0.9200603318250377,False,0.000125,501,0
17,0.018974343600147825,0.07783420425868058,0.8133874239350912,0.6574280104961988,0.6406272971259396,0.6574280104961988,0.642210857239995,0.8110886596466066,0.5740740740740741,0.5794392523364486,0.5767441860465116,0.9260935143288085,False,0.000125,501,0
18,0.01920023569633867,0.08032390031194726,0.8184584178498986,0.6445762932952749,0.6838763261829396,0.6445762932952749,0.6560671182864064,0.8095606563255947,0.6555555555555556,0.5514018691588785,0.5989847715736041,0.9487179487179487,False,6.25e-05,501,0
19,0.016572771142617435,0.08163837531607969,0.8184584178498986,0.6299926945004763,0.6782455885114779,0.6299926945004763,0.6510667565554442,0.8129734911550319,0.6,0.5887850467289719,0.5943396226415093,0.9366515837104072,True,6.25e-05,501,0
20,0.015301685760765618,0.079641750774726,0.8184584178498986,0.6332599884281368,0.6778012167652996,0.6332599884281368,0.653778008304695,0.8136034244981141,0.6039603960396039,0.5700934579439252,0.5865384615384616,0.9321266968325792,False,3.125e-05,501,0
21,0.013423737161052055,0.080957254995148,0.8164300202839757,0.6262578087913153,0.6514430206503106,0.6262578087913153,0.637115268279328,0.8123803741788672,0.6263736263736264,0.5327102803738317,0.5757575757575758,0.9306184012066365,False,3.125e-05,500,1
22,0.013791858268226598,0.08062660702670457,0.8154158215010142,0.6191100006112992,0.663375973914008,0.6191100006112992,0.6390104945772767,0.8082455488911949,0.6385542168674698,0.4953271028037383,0.5578947368421053,0.9411764705882353,False,1.5625e-05,501,0
23,0.013421841748686263,0.08275126895685936,0.8174442190669371,0.617324438224516,0.6665646130191033,0.617324438224516,0.6388752068781578,0.8113122892940178,0.6304347826086957,0.5420560747663551,0.5829145728643216,0.9381598793363499,False,1.5625e-05,501,0
24,0.012912080066565584,0.08473365463606417,0.8194726166328601,0.6213876148474544,0.6840342216153454,0.6213876148474544,0.6478974732635631,0.809567874355252,0.6710526315789473,0.4766355140186916,0.5573770491803279,0.9532428355957768,False,7.8125e-06,501,0
25,0.012568798027374897,0.08139350396745346,0.8103448275862069,0.6236995877538237,0.6558046624763442,0.6236995877538237,0.6384111970157819,0.8065021472894521,0.58,0.5420560747663551,0.5603864734299516,0.9245852187028658,False,7.8125e-06,501,0
