candidate,classification,reason,required_inputs,expected_outputs,frozen_predictions_sufficient,new_inference_required,retraining_required
Full EG-VAN architecture external evaluation,CRITICAL,Required only if the central paper claim remains an external-validity extension of the original dual-branch EG-VAN; current checkpoint is single-branch baseline.,Implemented ResNet50+SCGA+Non-Local+MFF/fusion; frozen HAM split; original preprocessing; PH² mapping,"Frozen dual-branch checkpoint, internal/external predictions, metrics and provenance",NO,YES,YES
Architecture/component ablations,USEFUL BUT OPTIONAL,"Needed for claims about individual component benefit, which current manuscript should omit.",Trained full model and controlled component variants,Matched ablation metrics,NO,YES,YES
Preprocessing ablation,USEFUL BUT OPTIONAL,Prior PH² diagnostic is not a controlled independent causal test; no preprocessing-causal claim is needed.,Frozen model and alternative input pipelines,Matched performance by pipeline,NO,YES,NO unless retraining is part of claim
Calibration method comparison,UNNECESSARY FOR CURRENT CLAIMS,"Existing claim concerns observed reliability, not improvement after recalibration.",Saved probabilities,Comparative calibration metrics,YES,NO,NO
Confidence intervals / bootstrap uncertainty,USEFUL BUT OPTIONAL,Adds precision estimates for modest PH² n; descriptive point estimates remain traceable.,Saved image-level predictions; lesion IDs if cluster-aware,Interval estimates,YES,NO,NO
Statistical significance testing,UNNECESSARY FOR CURRENT CLAIMS,Descriptive cross-cohort comparison avoids an unsupported causal or population inference.,Saved predictions and defensible sampling model,Test statistic/p-value,YES,NO,NO
"Sensitivity/specificity, balanced accuracy, class-wise external evaluation",UNNECESSARY FOR CURRENT CLAIMS,Saved PH² metrics already include mapped class recall/precision and balanced accuracy; specificity can be derived under explicit other-prediction policy.,Saved PH² predictions,Additional derived metrics,YES,NO,NO
MCC,USEFUL BUT OPTIONAL,Not needed to establish observed baseline external weakness.,Saved PH² predictions,MCC with defined treatment of other predictions,YES,NO,NO
Parameter count / FLOPs / inference latency,USEFUL BUT OPTIONAL,Only necessary if paper makes computational-efficiency claims; current evidence does not support such claims.,Exact model and controlled hardware/profiler,Parameter/FLOP/latency measurements,NO,YES for latency,NO
External dataset expansion,USEFUL BUT OPTIONAL,Would broaden generality beyond one previously used PH² follow-up cohort.,Independent external dataset and mapping,External predictions and metrics,NO,YES,NO for existing baseline
Subgroup analysis,USEFUL BUT OPTIONAL,Could reveal heterogeneity if covariates and adequate sample sizes are available.,Saved predictions plus reliable subgroup labels,Stratified descriptive metrics,POSSIBLY,NO if labels exist,NO
Robustness testing,OUT OF SCOPE,Perturbation robustness is a distinct experimental question.,Images and prespecified perturbations,Robustness curves,NO,YES,NO
