split,dx,count,brightness_mean,brightness_std,brightness_median,brightness_q25,brightness_q75,contrast_mean,contrast_std,contrast_median,contrast_q25,contrast_q75,sharpness_mean,sharpness_std,sharpness_median,sharpness_q25,sharpness_q75,saturation_mean,saturation_std,saturation_median,saturation_q25,saturation_q75,dark_pixel_ratio_mean,dark_pixel_ratio_std,dark_pixel_ratio_median,dark_pixel_ratio_q25,dark_pixel_ratio_q75,bright_pixel_ratio_mean,bright_pixel_ratio_std,bright_pixel_ratio_median,bright_pixel_ratio_q25,bright_pixel_ratio_q75,entropy_mean,entropy_std,entropy_median,entropy_q25,entropy_q75,illumination_variation_mean,illumination_variation_std,illumination_variation_median,illumination_variation_q25,illumination_variation_q75
test,akiec,40,76.43582833333333,21.52228152728159,81.67861851851852,63.90122685185185,95.2934962962963,46.70621605454237,5.035571766908629,46.35198138786467,44.27417869140223,50.41284764521248,681.8492636869081,451.01254658336387,556.1138124323388,322.5624600878463,1014.7418273367593,0.34981365468409586,0.11583186936489402,0.34478164851125637,0.2805864887436456,0.393201278140886,0.17744324074074075,0.19607113803713588,0.10451851851851851,0.06422037037037037,0.17639166666666667,0.01640212962962963,0.003276087511724113,0.01647037037037037,0.013816666666666666,0.018858333333333335,7.216006000300238,0.6605091935147278,7.390092813083922,7.109466707465138,7.540527250074629,0.5951753050696083,0.4162323284821261,0.5004547801044505,0.398663098736621,0.600409328034746
test,bcc,58,69.2127208173691,19.263049446649312,70.28196481481481,55.93032129629629,82.39793518518519,44.559403515128544,4.734419447254826,45.04690909787594,41.7177914754126,47.42426803449431,782.5995476104658,599.8073876033508,605.2205325230589,317.0237449175479,1148.6140254342147,0.35086680514862395,0.07664618503496028,0.33957335511982567,0.2976224763979666,0.39065614015976763,0.19823192848020432,0.1678407945187475,0.14488703703703704,0.09816018518518518,0.22775833333333334,0.014568390804597701,0.003236118394078762,0.014844444444444445,0.012037037037037037,0.016639814814814816,7.100470112303977,0.5681011823027821,7.212699487353639,6.9720743981390445,7.375420727122668,0.6168871045039978,0.3670810181223012,0.5611250242145842,0.4518116988773179,0.6577709791244746
test,bkl,104,69.69369586894587,23.346896136884563,72.92890925925926,53.99501111111111,87.80578425925926,48.187370038658734,7.280238725191352,48.64410113182789,44.49495022354574,52.3052682481195,846.021951703055,823.595481438027,585.1491504273183,349.06409172020585,1049.0835876230315,0.3450402361599911,0.09177350888834818,0.32813858387799566,0.28061921568627446,0.39655659041394337,0.25546103988603985,0.24218747749128985,0.1550537037037037,0.07506574074074074,0.33405555555555555,0.018155840455840455,0.005368368997862072,0.01730925925925926,0.015073148148148148,0.020830555555555554,7.077763972495282,0.6627303854360035,7.331238960689623,6.9389369677167245,7.499151251048397,0.7007413792176101,0.37100390337522604,0.5852276949508912,0.4598620866027583,0.7934840114680624
test,df,11,77.80943434343435,32.484696315493565,76.02556666666666,60.454227777777774,97.61167037037038,46.93813136236779,8.027347973903685,47.78312319135153,42.203870542042694,52.692651037169455,811.4381990565818,757.2465511681964,468.19137591735256,315.88624910395055,1187.2240142451235,0.3249718584538192,0.08011196507237921,0.3435793754538853,0.2822353159041394,0.3838062672476398,0.21413501683501684,0.2572554460230963,0.09471851851851852,0.055651851851851855,0.2501981481481481,0.0235986531986532,0.009438671332515889,0.021225925925925926,0.015568518518518518,0.03268148148148148,7.102600038287008,0.6000709932356555,7.315523811009999,6.952072696941158,7.494836591120714,0.6295450185246994,0.25405038358668725,0.5651777628717118,0.49871959214889366,0.6776419419626927
test,mel,107,57.103711388023534,23.147529821172466,58.12044074074074,42.09441296296296,73.46161111111111,48.861201424652485,8.849392382164732,48.23031140970912,43.84014476625464,54.55864015999023,422.22636759675885,330.6704387641754,308.8537925728256,177.76811000336764,614.4676921914678,0.36135153991814795,0.08267907098703206,0.34522997821350765,0.2958242265795207,0.41248505446623096,0.4115272412599515,0.28077694973789397,0.3542,0.15115555555555554,0.6296018518518518,0.018577916233991,0.00573270585620698,0.017207407407407407,0.015207407407407407,0.020642592592592594,6.7146297903387415,0.8858785264983369,6.992764277346103,6.404558503346022,7.333974197561787,0.9363448109227753,0.534207847410246,0.8180501080239297,0.5982913950503377,1.1298051163174228
test,nv,676,54.89323398531667,20.69878438781497,52.42022037037037,41.66606018518518,66.66135185185186,49.32110058010719,9.44401712976936,48.71351520717762,42.53258126391498,55.56110127784345,562.0420664283004,559.45790786047,393.1318005841906,243.63429009344654,668.6396707416428,0.37150071691310754,0.08032060650323967,0.36620241103848944,0.31996253812636166,0.4169478286129266,0.4179112152092921,0.2511075419404127,0.38558148148148147,0.2142962962962963,0.5964435185185185,0.020069543063773832,0.00631007312456732,0.018938888888888887,0.015391666666666668,0.02364074074074074,6.6401432269946215,0.7281375553068197,6.723135258392331,6.322939615274356,7.162018965867208,0.9395891312528891,0.4012689959032717,0.8815993881884341,0.6980486126235663,1.0689737051424402
test,vasc,18,46.73564650205762,16.63822253076304,43.893505555555556,33.176919444444444,59.21359259259259,44.88198018176796,8.939389616419113,45.30518735397327,39.5534871447737,48.93403448743649,553.2026607291914,651.1676689726361,377.0866329398011,164.76268034352535,551.3022173707683,0.530846506899056,0.13953661002056914,0.5377371895424836,0.45529807189542487,0.624475584604212,0.4796788065843622,0.2662058951212043,0.4227592592592593,0.2779203703703704,0.6886462962962963,0.01719855967078189,0.006212430195624751,0.018122222222222224,0.01254537037037037,0.020694444444444446,6.353250946266453,0.6792173239525594,6.322002124719565,5.891468482029459,6.961500440277813,0.9664807442782684,0.38167782152388646,0.86834248451951,0.7411904568244307,1.2066879487194635
train,akiec,257,76.78672501801412,20.68797833051628,80.46531851851852,64.35012592592592,90.92778148148147,47.26476453128922,5.165305966213698,48.06236365518589,44.58947091755492,50.91211729215596,671.5804977586012,390.5384474471371,631.2147170758712,389.96158134155,873.0320586543211,0.33619442921368003,0.08170186888866435,0.32136278867102397,0.27796562091503263,0.3768263761801017,0.18077733102752558,0.1855383875447447,0.11130370370370371,0.07694444444444444,0.1942925925925926,0.016379680069174233,0.003826240560034889,0.016285185185185184,0.01381111111111111,0.018796296296296297,7.257027818544004,0.478929422705675,7.397390218493355,7.151551149789925,7.551111725900582,0.5649962970500864,0.23075439609277743,0.49557433256458405,0.4384575878466684,0.6146429548931507
train,bcc,398,67.1568676716918,22.331491707309734,68.6351962962963,50.36971203703703,83.49821018518519,44.20800520862282,6.030718683330843,44.852734565654515,39.33852528301215,48.831539205615854,684.2630209479844,561.8311955801869,538.2509981045748,255.76319738896774,932.3634198796569,0.3666830780627904,0.09557197777561798,0.34378985475671753,0.2965102614379085,0.421011626724764,0.23852491159501207,0.2100755632647488,0.15713333333333335,0.09208333333333334,0.31335370370370375,0.014770416899311372,0.0034126311527327624,0.014735185185185184,0.012577777777777778,0.016962962962962964,7.016684234302533,0.5973846173440437,7.195338892984616,6.7595405088694624,7.433748032201487,0.6384420992359879,0.3066793664139838,0.5601325087243629,0.4567856161583902,0.7277730654914314
train,bkl,891,68.65948617865902,25.318140006855,70.79804444444444,51.274937037037034,87.34415,47.56240464462546,7.62130133834473,47.98025402049194,42.75536941219551,52.05596899958956,865.6045384211351,850.7566161812845,659.9200518378051,302.4126606422908,1102.2835856979355,0.35924875627900077,0.09354710655946964,0.34413988380537397,0.2929246550472041,0.40737106027596226,0.2714258220060689,0.25013455991901445,0.16004814814814816,0.08554814814814815,0.4014092592592593,0.017917317204971524,0.005416177499260497,0.017296296296296296,0.014114814814814814,0.02068888888888889,7.003277507871526,0.7531223523190791,7.2394892575116625,6.799395581605613,7.5118669883960365,0.7262913791881898,0.4350353892240758,0.6002945991652617,0.4701394618106076,0.8424081027155874
train,df,95,72.49656109161793,24.169430530283762,77.12134444444445,54.20622407407407,90.22499444444443,46.79809189364036,7.363833478400752,47.477134758049786,41.80667685483922,51.661613497593656,1112.8353914733923,1075.863447553296,756.3839733165294,374.36352958438954,1522.0863524809738,0.37232760142185534,0.08020166856831183,0.3682720842411038,0.30949681190994915,0.4174459114015977,0.21604654970760237,0.2134169015708259,0.1366962962962963,0.06589259259259259,0.2950666666666667,0.01762608187134503,0.006175067859523674,0.016455555555555557,0.01232962962962963,0.021542592592592592,7.133730221254668,0.5455638931181845,7.350039360504242,6.8744521521678905,7.516458439493909,0.6306444290657334,0.24757807089036665,0.5700243203751804,0.4756082112603355,0.7067746779947872
train,mel,899,53.59828927615045,20.224649840475717,52.54822222222222,39.20784074074074,67.11438703703703,47.66820185122294,8.671897101407328,47.56708791347931,41.4307342826104,52.728799859167246,414.55420037691056,332.38019363097635,316.48392591665294,196.74591027165297,531.7083511297393,0.37813406142385264,0.09743278928574424,0.3588519535221496,0.3063674800290487,0.43496289760348583,0.4296001895109793,0.2506456964901828,0.4017,0.2152462962962963,0.6277185185185186,0.01710357186997899,0.004929518426070498,0.016274074074074073,0.013874074074074073,0.01937777777777778,6.685464533461068,0.7909905562779418,6.878659529491181,6.333410814635595,7.226765518091192,0.9383177291615108,0.45930481520953115,0.8466910322046489,0.6563598190949822,1.059420499030272
train,nv,5366,55.24825888378129,20.576717542084694,53.351624074074074,40.68961203703704,68.62784351851852,48.73441331457275,8.973128500980286,48.17600354843755,42.200566120807,54.953356123375585,592.0742648924993,593.9179358533821,417.3852553975308,237.8980341241838,736.0269588621161,0.3793169580654006,0.08094288802002106,0.37306095134350037,0.3233627632534495,0.4285632389251997,0.40726276003920436,0.2552025777494078,0.36615740740740743,0.18722962962962963,0.6028222222222221,0.019796643475379964,0.006137873117421185,0.018825925925925927,0.015498148148148148,0.023006481481481482,6.664098640772212,0.7208916945881939,6.776985413236378,6.289407664630606,7.187289028422031,0.9216019874171492,0.3970192092271508,0.8590983674952789,0.6724609590552197,1.0830526793416455
train,vasc,109,51.181922256201155,18.09646912674893,49.954151851851854,36.647933333333334,61.815303703703705,43.70779812083866,8.646420149430117,41.16868480694928,37.8726846273591,47.71279143911483,684.7149181107404,759.4236940207383,430.719758690247,214.08249893222225,874.9288855346914,0.5373682772680938,0.1333688695557598,0.5432032534495279,0.4309360639070443,0.6565891503267973,0.39624818212708124,0.2608221637969992,0.33942962962962964,0.1817037037037037,0.6191407407407408,0.01629843696907917,0.00549908793048998,0.015333333333333332,0.012055555555555555,0.01922962962962963,6.4986742908955115,0.565338617119672,6.540484877047311,6.1557886378460775,6.952251057329333,0.8587716495189209,0.32714994992778784,0.8393322601322882,0.6125977666760449,1.0101567085307446
val,akiec,30,75.53184419753087,20.525431071135046,76.90921851851851,63.452009259259256,93.02327685185185,47.674471739368066,6.681510513312631,49.84437123225479,42.48637789914863,52.22315223994329,686.3158441650082,492.3333895015987,652.941545597558,307.85887998146774,845.1772504101097,0.35140392447349306,0.09306769615657211,0.3466500944081336,0.27414183006535947,0.41506099491648507,0.1833872839506173,0.17715340018495096,0.11348333333333332,0.07353425925925926,0.2168324074074074,0.018233827160493828,0.007668470042486966,0.016557407407407406,0.013942592592592593,0.020120370370370372,7.209528719254626,0.47717925378567705,7.348792133224041,7.0772071031524035,7.57698055958173,0.5749971011475201,0.21815482062080288,0.5132334007137953,0.44234955292318834,0.6370792531218763
val,bcc,58,66.79980753512133,22.100959700727877,68.48188518518518,51.0214037037037,84.66745555555555,43.72279988297955,5.77589859844719,43.76116034406782,40.27767479580216,48.57556788720273,674.4999337695938,495.57182505427744,627.3393133016118,219.6824278890398,911.7592709404801,0.36203013597776273,0.08496842361600476,0.3512339869281046,0.29411769063180826,0.3977351815541031,0.23375772669220946,0.22299206085078663,0.14321851851851852,0.08247037037037036,0.29801759259259264,0.014853192848020433,0.0030282553188537113,0.01482037037037037,0.012923148148148149,0.016655555555555555,6.999316976018718,0.5513510195375396,7.160139281685074,6.803729903481568,7.468690120269178,0.6361670078804328,0.26809042250733556,0.5605467671585291,0.45379519845931926,0.7045855654116656
val,bkl,104,66.09086955128205,24.14702259484474,70.58153703703704,50.17667314814815,83.63243148148148,46.89553978132698,8.1514452725042,47.311170104654295,41.58458697545166,51.16900053358302,859.0993436425271,875.2248584348785,650.1345340233402,329.91209970472903,1184.000809888669,0.36932219331322275,0.09961211368984028,0.34275791575889614,0.29731117647058825,0.4281916811909949,0.2773838675213675,0.25513533450237874,0.17782962962962962,0.09704537037037037,0.3278787037037037,0.01783860398860399,0.0051521659070966445,0.01687037037037037,0.014290740740740741,0.020360185185185186,6.941166739012345,0.8274686404097897,7.233278903337942,6.766709644200296,7.462861214811812,0.7530082264856003,0.48226951274382296,0.6393270455346012,0.5054177905587492,0.7917272328006303
val,df,9,85.4797366255144,26.841254723905482,94.83154074074073,69.87882962962964,104.14433333333334,49.13269825015331,6.695396924933632,46.16147334519516,44.94681851909457,53.84331850258649,1686.6210101758775,1295.9104143624427,1798.5572398270378,647.4768589168176,2194.7530982062967,0.3539872008391834,0.06567697553034581,0.34783877995642704,0.30733096586782865,0.36942745098039215,0.15987201646090535,0.20483918037969495,0.07235185185185185,0.04258888888888889,0.16996296296296295,0.02056543209876543,0.006674940596109543,0.017948148148148147,0.016592592592592593,0.02327777777777778,7.317564833491888,0.4927944238770621,7.476260422168194,7.306720781013098,7.520519634715197,0.5571612856651942,0.2720069360999514,0.5100229617815734,0.34552599505199266,0.652629878866212
val,mel,107,56.879789269643474,20.84781794591437,54.525525925925926,42.09878703703704,70.03084074074074,48.64441674535251,8.234326001718502,47.69390837720901,43.33118393610167,53.97476890941639,439.94307110128074,316.3310477401514,337.09521481393693,246.57564517561042,500.61545917349105,0.3646871317166534,0.091229749199235,0.34235175018155406,0.2996245969498911,0.4312303848946986,0.39586531671858777,0.245054667440279,0.3608703703703704,0.19218148148148148,0.5901722222222223,0.018043821391484943,0.005240802336731638,0.017277777777777777,0.014227777777777778,0.020442592592592596,6.788882332043693,0.7257747839194332,6.940787506626841,6.510313477595798,7.278948993326511,0.8866373190045408,0.4182398704468938,0.81158425428063,0.630390750619499,1.0063154236133138
val,nv,663,55.86784780179878,21.16541396997324,54.19722222222222,40.3748,68.60980925925926,49.26425226238153,9.01402320028513,48.9760022618194,42.963009870251014,55.76839134991027,573.7166710676144,542.8160426287742,429.4262059476543,238.82759627222907,706.7065420843826,0.37734684884511877,0.08096359461286536,0.37383477124183007,0.3216272258533043,0.41970233841684823,0.4083922853471873,0.25327353845342565,0.35667037037037036,0.19568888888888888,0.6073240740740741,0.020184626557175577,0.006032857119357874,0.019444444444444445,0.01568148148148148,0.023255555555555557,6.682360462669827,0.7105230266506273,6.8167978830531055,6.296966337316993,7.202235869171234,0.9226231964398655,0.3861883332483323,0.8720638021545077,0.6888679198128953,1.0894192288970341
val,vasc,15,51.38813629629629,11.195737814336256,49.157585185185184,44.94447407407408,59.82167592592592,44.55683669565137,9.289583279577556,42.40441110681177,36.350321557889345,50.93962212900101,516.9499324918427,319.0499763296083,421.0268368710562,310.5950885399109,663.037339767867,0.5668622754780924,0.12546848706856714,0.5936424255628178,0.4665341902687001,0.6662666085693537,0.3683767901234568,0.1442023480494138,0.3788296296296296,0.25184814814814815,0.45384074074074077,0.016026666666666668,0.006178493068863865,0.014955555555555555,0.011449999999999998,0.017242592592592594,6.673428056709526,0.41087598508513434,6.656239567014958,6.412673709850236,7.004055068221245,0.8161336734325845,0.1945772093999605,0.8778604496889231,0.6164055444033242,0.9790564338975776
