epoch,train_loss,val_loss,val_accuracy,val_balanced_accuracy,val_macro_f1,val_mel_precision,val_mel_recall,val_mel_f1,val_nv_recall,eligible,learning_rate,optimizer_steps,amp_skips
1,0.13100050303222832,0.11440810174293982,0.6389452332657201,0.43890445144070667,0.4054310026207951,0.2641509433962264,0.6542056074766355,0.3763440860215054,0.717948717948718,False,0.001,501,0
2,0.09064242915666929,0.08756682551399811,0.7920892494929006,0.5031200989448227,0.5134529724922505,0.75,0.2803738317757009,0.40816326530612235,0.9698340874811463,False,0.001,501,0
3,0.08009804679000668,0.08835528209110302,0.7738336713995944,0.5017157617899783,0.5147910816098399,0.45454545454545453,0.2803738317757009,0.34682080924855485,0.9502262443438914,False,0.001,501,0
4,0.07304941993520472,0.09218810699713884,0.768762677484787,0.5496937335632337,0.5356699651880821,0.5238095238095238,0.411214953271028,0.4607329842931937,0.9592760180995475,False,0.0005,501,0
5,0.05680643058499915,0.07754896621599522,0.7738336713995944,0.6190767500799538,0.605027901860267,0.4296875,0.514018691588785,0.46808510638297873,0.8868778280542986,False,0.0005,501,0
6,0.04906672788359787,0.08022327217581336,0.8093306288032455,0.6377308259049838,0.6315183455301181,0.5684210526315789,0.5046728971962616,0.5346534653465347,0.9457013574660633,False,0.0005,501,0
7,0.04442423867086136,0.07517957464653931,0.7981744421906694,0.6339496309857061,0.6300030215347786,0.5797101449275363,0.37383177570093457,0.45454545454545453,0.9381598793363499,False,0.0005,501,0
8,0.04079615205702972,0.08234571677237809,0.7860040567951319,0.6201071080158681,0.6141152830446,0.48717948717948717,0.5327102803738317,0.5089285714285714,0.9019607843137255,False,0.0005,501,0
9,0.04027150122033977,0.08292587701057445,0.7870182555780934,0.5919005539861069,0.6002800677010074,0.5263157894736842,0.5607476635514018,0.5429864253393665,0.9049773755656109,False,0.00025,501,0
10,0.033534895368059835,0.08101177957233865,0.8012170385395537,0.6393168336027238,0.6330005931463113,0.6515151515151515,0.40186915887850466,0.49710982658959535,0.9441930618401206,False,0.00025,501,0
11,0.0277105796250212,0.08120705946169143,0.7971602434077079,0.6581626012494622,0.6240716803818306,0.5529411764705883,0.4392523364485981,0.48958333333333337,0.9411764705882353,False,0.000125,501,0
12,0.02423676205374863,0.08150802898498415,0.8174442190669371,0.6373468196206155,0.6618407758848291,0.6172839506172839,0.4672897196261682,0.5319148936170214,0.951734539969834,False,0.000125,501,0
13,0.021320655690279515,0.08597844627517716,0.8184584178498986,0.6337917353741699,0.6606776067342999,0.6091954022988506,0.4953271028037383,0.5463917525773196,0.9502262443438914,False,6.25e-05,501,0
14,0.021182508063424175,0.08287731831908438,0.8204868154158215,0.6298522114250726,0.6532161326661245,0.6265060240963856,0.48598130841121495,0.5473684210526315,0.951734539969834,False,6.25e-05,501,0
15,0.018273775588142374,0.08513730844297648,0.8133874239350912,0.6785516423613333,0.6665479067821594,0.5882352941176471,0.5607476635514018,0.5741626794258373,0.9306184012066365,False,3.125e-05,501,0
16,0.017656362261704483,0.082462340909761,0.8225152129817445,0.6417703473797197,0.6701966814474838,0.6419753086419753,0.48598130841121495,0.5531914893617021,0.9532428355957768,False,3.125e-05,501,0
17,0.017113892312573546,0.0842704687779486,0.8235294117647058,0.6644080302489622,0.6794040277320175,0.6043956043956044,0.514018691588785,0.5555555555555555,0.9457013574660633,False,1.5625e-05,501,0
18,0.01778193789203689,0.08487099000681607,0.821501014198783,0.6333404219501165,0.6600203993127696,0.6111111111111112,0.514018691588785,0.5583756345177665,0.9532428355957768,False,1.5625e-05,501,0
19,0.01727441290732768,0.08596967277447665,0.8194726166328601,0.6317468684921435,0.663447470167746,0.5977011494252874,0.48598130841121495,0.5360824742268042,0.951734539969834,False,7.8125e-06,501,0
20,0.016251852146407366,0.08414485879170634,0.8164300202839757,0.634604273136244,0.6641511810865446,0.6363636363636364,0.45794392523364486,0.5326086956521738,0.947209653092006,False,7.8125e-06,501,0
21,0.015898072906419477,0.08280785683859858,0.8144016227180527,0.6307465402515734,0.6592831384961182,0.6024096385542169,0.4672897196261682,0.5263157894736842,0.9441930618401206,False,3.90625e-06,500,1
22,0.015669100648530075,0.08349985537982525,0.8235294117647058,0.6499296930734249,0.6739412226228813,0.627906976744186,0.5046728971962616,0.5595854922279792,0.9487179487179487,False,3.90625e-06,501,0
23,0.015504934780731918,0.08422182428907475,0.8154158215010142,0.64886329776711,0.667695648437202,0.5978260869565217,0.514018691588785,0.5527638190954773,0.9411764705882353,False,1.953125e-06,501,0
24,0.0152695609310076,0.0854537560907712,0.8245436105476673,0.646669832645454,0.670150012189295,0.6944444444444444,0.4672897196261682,0.5586592178770949,0.9607843137254902,False,1.953125e-06,501,0
25,0.015245914120861537,0.08311225181638167,0.8144016227180527,0.646527049386237,0.6665853585613355,0.5851063829787234,0.514018691588785,0.5472636815920398,0.9336349924585219,False,9.765625e-07,500,1
