image_id,true_class,predicted_class,correct,confidence,true_class_probability,entropy,top1_probability,top2_probability,prediction_margin,confidence_band,p_akiec,p_bcc,p_bkl,p_df,p_mel,p_nv,p_vasc,high_confidence_error,is_fixed_gradcam_case,quality_brightness,quality_contrast,quality_sharpness,quality_saturation,quality_dark_pixel_ratio,quality_bright_pixel_ratio,quality_entropy,quality_illumination_variation,domain_native_width,domain_native_height,domain_native_aspect_ratio,domain_rgb_mean_r,domain_rgb_mean_g,domain_rgb_mean_b,domain_rgb_std_r,domain_rgb_std_g,domain_rgb_std_b,review_case_category,review_saved_class_probabilities,review_predicted_gradcam_heatmap_path,review_predicted_gradcam_overlay_path,review_true_gradcam_heatmap_path,review_true_gradcam_overlay_path,review_true_map_reused,review_qualitative_lesion_attention,review_qualitative_border_attention,review_qualitative_background_attention,review_predicted_vs_true_map_difference,review_qualitative_interpretation,review_limitation,gradcam_target_layer,gradcam_predicted_target_class,gradcam_true_target_class,gradcam_true_equals_predicted,gradcam_max_abs_probability_difference,initial_gradcam_review_lesion_centered,initial_gradcam_review_border_attention,initial_gradcam_review_background_attention,initial_gradcam_review_artifact_attention,initial_gradcam_review_corner_or_frame_attention,initial_gradcam_review_diffuse_attention,initial_gradcam_review_ambiguous,initial_gradcam_review_review_notes
IMD003,nv,nv,True,0.8191244602203369,0.8191244602203369,0.6603558799147525,0.8191244602203369,0.1019264683127403,0.7171979919075966,HIGH,0.0130219254642724,0.0021403522696346,0.1019264683127403,0.0021195521112531,0.0594241619110107,0.8191244602203369,0.0022430699318647,False,True,44.57097032335069,44.31210050406239,78.16396750325775,0.3151275169355936,0.5615098741319444,0.0137464735243055,6.450245101026956,0.9066244385759508,765.0,574.0,1.3327526132404182,37.98306613498264,47.2066650390625,48.29157850477431,43.606699427948605,44.64351195007704,45.73822285562037,correct nevus,"[0.013021925464272499,0.0021403522696346045,0.10192646831274033,0.0021195521112531424,0.05942416191101074,0.8191244602203369,0.0022430699318647385]",analysis/domain_shift_exp5/gradcam_comparison/ph2_cases/IMD003/predicted_heatmap.png,analysis/domain_shift_exp5/gradcam_comparison/ph2_cases/IMD003/predicted_overlay.png,analysis/domain_shift_exp5/gradcam_comparison/ph2_cases/IMD003/true_heatmap.png,analysis/domain_shift_exp5/gradcam_comparison/ph2_cases/IMD003/true_overlay.png,True,"Mainly within the visible lesion-like region, with two compact hotspots across its central area.",Moderate; activation spans central subregions and approaches part of the feature margin.,Minimal; the strongest foci align with the central visible feature.,Identical/reused because true class equals predicted class; no target-class difference is assessable.,"Two localized hotspots overlap the visible central feature. This is an exploratory visual judgment, not a localization score.",Stage 2 review CSV records visual categories as UNCERTAIN; no lesion masks or automated localization ground truth; Grad-CAM is not causal evidence.,model.features[-1],nv,nv,True,0.0,UNCERTAIN,UNCERTAIN,UNCERTAIN,UNCERTAIN,UNCERTAIN,UNCERTAIN,UNCERTAIN,Pending human visual review; no automated qualitative judgment was made.
IMD009,nv,nv,True,0.7286575436592102,0.7286575436592102,0.8649926696248141,0.7286575436592102,0.139032781124115,0.5896247625350952,MODERATE,0.0056953006424009,0.0010412507690489,0.139032781124115,0.0208936650305986,0.1035223826766014,0.7286575436592102,0.0011570705100893,False,True,58.15885416666666,42.864154972672296,127.98410865333344,0.4669637842116013,0.1470133463541666,0.0181952582465277,6.751612254430214,0.6654386385423529,766.0,575.0,1.3321739130434782,41.79179551866319,65.19281684027777,64.90380859375,43.213111736467454,42.55607608190075,47.2474146810697,correct nevus,"[0.00569530064240098,0.0010412507690489292,0.139032781124115,0.02089366503059864,0.10352238267660141,0.7286575436592102,0.0011570705100893974]",analysis/domain_shift_exp5/gradcam_comparison/ph2_cases/IMD009/predicted_heatmap.png,analysis/domain_shift_exp5/gradcam_comparison/ph2_cases/IMD009/predicted_overlay.png,analysis/domain_shift_exp5/gradcam_comparison/ph2_cases/IMD009/true_heatmap.png,analysis/domain_shift_exp5/gradcam_comparison/ph2_cases/IMD009/true_overlay.png,True,"Mainly within the visible oval lesion-like region, with a compact central hotspot.",Moderate; a secondary response reaches the lower frame/edge.,"Minimal to moderate; the central focus dominates, with some lower-edge activation.",Identical/reused because true class equals predicted class; no target-class difference is assessable.,The strongest activation is compact and centered over the visible oval feature; weaker activation is visible near the lower image edge.,Stage 2 review CSV records visual categories as UNCERTAIN; no lesion masks or automated localization ground truth; Grad-CAM is not causal evidence.,model.features[-1],nv,nv,True,0.0,UNCERTAIN,UNCERTAIN,UNCERTAIN,UNCERTAIN,UNCERTAIN,UNCERTAIN,UNCERTAIN,Pending human visual review; no automated qualitative judgment was made.
IMD010,nv,bkl,False,0.7382360696792603,0.1597327291965484,0.884579432786348,0.7382360696792603,0.1597327291965484,0.5785033404827118,MODERATE,0.0062268646433949,0.002190108411014,0.7382360696792603,0.0404262170195579,0.0283186733722686,0.1597327291965484,0.0248694103211164,False,True,61.27627902560764,34.820725069226,111.20473634529812,0.4294102488000408,0.0302259657118055,0.0135294596354166,6.110456900809617,0.515806120398675,765.0,573.0,1.3350785340314135,44.31658935546875,67.75901285807292,72.39444986979167,36.79179898148575,34.15236075485472,40.201772897056856,nevus to other,"[0.006226864643394947,0.00219010841101408,0.7382360696792603,0.04042621701955795,0.028318673372268677,0.15973272919654846,0.024869410321116447]",analysis/domain_shift_exp5/gradcam_comparison/ph2_cases/IMD010/predicted_heatmap.png,analysis/domain_shift_exp5/gradcam_comparison/ph2_cases/IMD010/predicted_overlay.png,analysis/domain_shift_exp5/gradcam_comparison/ph2_cases/IMD010/true_heatmap.png,analysis/domain_shift_exp5/gradcam_comparison/ph2_cases/IMD010/true_overlay.png,False,"Fragmented/partial overlap around the central visible feature, with separate hotspots on different sides.",Moderate; activation reaches adjacent sides of the central feature.,"Moderate; some hotspots extend into nearby tissue, though the feature boundary is not annotated.","Clearly different in emphasis; predicted bkl activation favors the upper-left/central region, while true nv activation shifts toward the right-center.",The target maps emphasize different sides of the visible central feature and nearby tissue; no causal conclusion is supported.,Stage 2 review CSV records visual categories as UNCERTAIN; no lesion masks or automated localization ground truth; Grad-CAM is not causal evidence.,model.features[-1],bkl,nv,False,0.0,UNCERTAIN,UNCERTAIN,UNCERTAIN,UNCERTAIN,UNCERTAIN,UNCERTAIN,UNCERTAIN,Pending human visual review; no automated qualitative judgment was made.
IMD020,nv,bkl,False,0.7517984509468079,0.2292855679988861,0.6326943122681806,0.7517984509468079,0.2292855679988861,0.5225128829479218,HIGH,0.0001033008375088,0.0002627595386002,0.7517984509468079,0.0001764084008755,0.0178290661424398,0.2292855679988861,0.0005444383714348,True,True,48.43685574001736,45.835818770189775,81.01137271298118,0.3683006004050926,0.4566446940104167,0.0187038845486111,6.429710532223635,0.8753708449831362,764.0,574.0,1.3310104529616724,40.10847303602431,51.80457899305556,52.99827745225694,46.6404643275698,45.73118075453976,45.18271205094151,nevus to other,"[0.00010330083750886843,0.0002627595386002213,0.7517984509468079,0.00017640840087551624,0.017829066142439842,0.2292855679988861,0.0005444383714348078]",analysis/domain_shift_exp5/gradcam_comparison/ph2_cases/IMD020/predicted_heatmap.png,analysis/domain_shift_exp5/gradcam_comparison/ph2_cases/IMD020/predicted_overlay.png,analysis/domain_shift_exp5/gradcam_comparison/ph2_cases/IMD020/true_heatmap.png,analysis/domain_shift_exp5/gradcam_comparison/ph2_cases/IMD020/true_overlay.png,False,"Mainly within the visible oval lesion-like feature, with a compact upper-central hotspot.","Minimal to moderate; the dominant focus is interior, with limited spill toward the margin.",Minimal; most visible activation is close to the central feature.,"Similar with a modest extent difference; both maps focus on the upper-central feature, while predicted bkl activation spreads farther downward.","Both targets emphasize a similar upper-central region, with the predicted-class map somewhat broader than the true-class map.",Stage 2 review CSV records visual categories as UNCERTAIN; no lesion masks or automated localization ground truth; Grad-CAM is not causal evidence.,model.features[-1],bkl,nv,False,0.0,UNCERTAIN,UNCERTAIN,UNCERTAIN,UNCERTAIN,UNCERTAIN,UNCERTAIN,UNCERTAIN,Pending human visual review; no automated qualitative judgment was made.
IMD035,nv,mel,False,0.5851919054985046,0.3257083594799042,0.9808280438635684,0.5851919054985046,0.3257083594799042,0.2594835460186004,MODERATE,0.0081063117831945,0.0098933391273021,0.0625812858343124,0.0074678845703601,0.5851919054985046,0.3257083594799042,0.0010509287239983,False,True,40.54227701822917,38.68243283603898,57.42287173641869,0.5068385969839324,0.5047743055555556,0.0118136935763888,6.290451365104,0.8752251108185477,766.0,575.0,1.3321739130434782,27.709269205729168,45.369852701822914,49.35083685980903,39.01141437053701,39.2481596879893,45.87246089359995,nevus to melanoma,"[0.008106311783194542,0.00989333912730217,0.06258128583431244,0.007467884570360184,0.5851919054985046,0.3257083594799042,0.0010509287239983678]",analysis/domain_shift_exp5/gradcam_comparison/ph2_cases/IMD035/predicted_heatmap.png,analysis/domain_shift_exp5/gradcam_comparison/ph2_cases/IMD035/predicted_overlay.png,analysis/domain_shift_exp5/gradcam_comparison/ph2_cases/IMD035/true_heatmap.png,analysis/domain_shift_exp5/gradcam_comparison/ph2_cases/IMD035/true_overlay.png,False,Mainly within the central visible lesion-like feature; activation follows an elongated central region.,Minimal; the dominant response remains away from the outer image frame.,Minimal; no dominant peripheral hotspot is apparent.,"Similar with a difference in extent; both maps emphasize the central elongated region, while predicted mel activation is broader than true nv activation.","Predicted and true targets overlap strongly around the central feature, with a broader predicted-class response. This does not explain why the nevus was misclassified.",Stage 2 review CSV records visual categories as UNCERTAIN; no lesion masks or automated localization ground truth; Grad-CAM is not causal evidence.,model.features[-1],mel,nv,False,0.0,UNCERTAIN,UNCERTAIN,UNCERTAIN,UNCERTAIN,UNCERTAIN,UNCERTAIN,UNCERTAIN,Pending human visual review; no automated qualitative judgment was made.
IMD045,nv,mel,False,0.5332418084144592,0.3573030829429626,0.9592722221542268,0.5332418084144592,0.3573030829429626,0.1759387254714965,MODERATE,0.0006292589823715,0.0007428977987729,0.1071771308779716,0.0006243619718588,0.5332418084144592,0.3573030829429626,0.0002814220206346,False,True,35.80596923828125,41.42936638415751,61.45480557117197,0.3442522701354847,0.6923421223958334,0.0139838324652777,6.019485745979579,1.0667812552167626,765.0,573.0,1.3350785340314135,31.280192057291668,36.352193196614586,44.871066623263886,41.68669876410644,41.35556503384086,45.29632933430714,nevus to melanoma,"[0.0006292589823715389,0.0007428977987729013,0.10717713087797165,0.0006243619718588889,0.5332418084144592,0.35730308294296265,0.0002814220206346363]",analysis/domain_shift_exp5/gradcam_comparison/ph2_cases/IMD045/predicted_heatmap.png,analysis/domain_shift_exp5/gradcam_comparison/ph2_cases/IMD045/predicted_overlay.png,analysis/domain_shift_exp5/gradcam_comparison/ph2_cases/IMD045/true_heatmap.png,analysis/domain_shift_exp5/gradcam_comparison/ph2_cases/IMD045/true_overlay.png,False,Partially to mainly overlaps the central visible feature; the predicted map is broader than the true-class map.,Minimal to moderate; activation remains central with some spread around the feature.,Minimal; no strong distant background focus is apparent.,"Partially different; the predicted mel map forms a broad horizontal hotspot, while the true nv map is more crescent-shaped within an overlapping central region.",Both maps overlap the central feature but differ in shape and spatial extent; the predicted response is broader.,Stage 2 review CSV records visual categories as UNCERTAIN; no lesion masks or automated localization ground truth; Grad-CAM is not causal evidence.,model.features[-1],mel,nv,False,0.0,UNCERTAIN,UNCERTAIN,UNCERTAIN,UNCERTAIN,UNCERTAIN,UNCERTAIN,UNCERTAIN,Pending human visual review; no automated qualitative judgment was made.
IMD058,mel,bkl,False,0.5199820399284363,0.098925843834877,1.3231747725082483,0.5199820399284363,0.2591122090816498,0.2608698308467865,MODERATE,0.0062336763367056,0.0505880899727344,0.5199820399284363,0.0259136762470006,0.098925843834877,0.2591122090816498,0.0392444431781768,False,True,103.77277967664932,52.16353655364634,295.01613439081444,0.3759631852958197,0.0509304470486111,0.0196058485243055,7.522918948904371,0.440657577938101,767.0,576.0,1.3315972222222223,86.74383544921875,108.02748616536458,126.51966688368056,52.9891762801834,53.13920967530614,51.33517683714874,melanoma to other,"[0.006233676336705685,0.05058808997273445,0.5199820399284363,0.025913676247000694,0.09892584383487701,0.2591122090816498,0.03924444317817688]",analysis/domain_shift_exp5/gradcam_comparison/ph2_cases/IMD058/predicted_heatmap.png,analysis/domain_shift_exp5/gradcam_comparison/ph2_cases/IMD058/predicted_overlay.png,analysis/domain_shift_exp5/gradcam_comparison/ph2_cases/IMD058/true_heatmap.png,analysis/domain_shift_exp5/gradcam_comparison/ph2_cases/IMD058/true_overlay.png,False,Partially overlaps the visible central lesion-like region; target maps emphasize different subregions.,Moderate; hotspots occur in separated central and side portions of the visible feature.,Moderate; activation appears in adjacent/peripheral regions as well as over the visible feature.,"Clearly different in hotspot placement; the predicted bkl map favors left/central patches, while the true melanoma map emphasizes upper-middle and lower-central patches.","Predicted and true targets produce distinct spatial emphasis around the visible central feature, with some overlap. No causal explanation follows from this difference.",Stage 2 review CSV records visual categories as UNCERTAIN; no lesion masks or automated localization ground truth; Grad-CAM is not causal evidence.,model.features[-1],bkl,mel,False,0.0,UNCERTAIN,UNCERTAIN,UNCERTAIN,UNCERTAIN,UNCERTAIN,UNCERTAIN,UNCERTAIN,Pending human visual review; no automated qualitative judgment was made.
IMD061,mel,nv,False,0.8214719891548157,0.1264698654413223,0.6302990302069686,0.8214719891548157,0.1264698654413223,0.6950021237134933,HIGH,0.0016749533824622,0.0011534281075,0.0326311625540256,0.012719408608973,0.1264698654413223,0.8214719891548157,0.0038792004343122,True,True,97.4774441189236,38.6890040785251,274.8756112638447,0.3363767669611247,0.0176120334201388,0.0137261284722222,7.044841168979815,0.3197188404817059,764.0,575.0,1.328695652173913,79.31222195095486,102.94668918185764,116.97393798828124,39.871086977308885,39.03907109227613,42.3537198411878,melanoma to nv,"[0.001674953382462263,0.0011534281075000763,0.03263116255402565,0.012719408608973026,0.12646986544132233,0.8214719891548157,0.0038792004343122244]",analysis/domain_shift_exp5/gradcam_comparison/ph2_cases/IMD061/predicted_heatmap.png,analysis/domain_shift_exp5/gradcam_comparison/ph2_cases/IMD061/predicted_overlay.png,analysis/domain_shift_exp5/gradcam_comparison/ph2_cases/IMD061/true_heatmap.png,analysis/domain_shift_exp5/gradcam_comparison/ph2_cases/IMD061/true_overlay.png,False,"Weakly associated/uncertain; the strongest response tracks the lower image edge and right periphery, and lesion boundaries are difficult to distinguish.",Substantial; prominent activation follows the lower image border and extends up the right side.,Substantial peripheral activation is visible; whether it lies outside the lesion is uncertain without a mask.,"Similar overall; both target maps emphasize a lower/peripheral sweep, with differences in relative hotspot intensity.",Both class targets produce prominent lower-edge and peripheral activation rather than a compact central focus; the lesion-to-background relation remains uncertain.,Stage 2 review CSV records visual categories as UNCERTAIN; no lesion masks or automated localization ground truth; Grad-CAM is not causal evidence.,model.features[-1],nv,mel,False,0.0,UNCERTAIN,UNCERTAIN,UNCERTAIN,UNCERTAIN,UNCERTAIN,UNCERTAIN,UNCERTAIN,Pending human visual review; no automated qualitative judgment was made.
IMD063,mel,nv,False,0.5247329473495483,0.1019230112433433,0.9488037702359822,0.5247329473495483,0.3720913827419281,0.1526415646076202,MODERATE,0.0003604819066822,2.173334723920561e-05,0.3720913827419281,0.0003777817764785,0.1019230112433433,0.5247329473495483,0.0004927202826365,False,True,86.032470703125,60.90463192396834,195.8596088300792,0.2995783388225082,0.2631903754340278,0.0183648003472222,7.4532743335546865,0.6528091911130367,767.0,576.0,1.3315972222222223,75.88988579644098,88.52721489800348,99.78318956163194,58.422796508105485,62.692939974733385,67.015769029988,melanoma to nv,"[0.0003604819066822529,2.1733347239205614e-05,0.3720913827419281,0.0003777817764785141,0.10192301124334335,0.5247329473495483,0.0004927202826365829]",analysis/domain_shift_exp5/gradcam_comparison/ph2_cases/IMD063/predicted_heatmap.png,analysis/domain_shift_exp5/gradcam_comparison/ph2_cases/IMD063/predicted_overlay.png,analysis/domain_shift_exp5/gradcam_comparison/ph2_cases/IMD063/true_heatmap.png,analysis/domain_shift_exp5/gradcam_comparison/ph2_cases/IMD063/true_overlay.png,False,Fragmented across multiple central and peripheral regions; the strongest areas are separated rather than forming one compact focus.,"Substantial; several hotspots approach the left, right, and lower image margins.","Moderate to substantial; some response extends into peripheral areas, but no lesion mask is available to define the boundary.","Partially different; the predicted nv map emphasizes a left-central region and upper-right spot, while the true melanoma map has more separated right-side/lower hotspots.","Both maps are fragmented, with partly overlapping peripheral foci but different hotspot placement. The visualization does not explain the classification error.",Stage 2 review CSV records visual categories as UNCERTAIN; no lesion masks or automated localization ground truth; Grad-CAM is not causal evidence.,model.features[-1],nv,mel,False,0.0,UNCERTAIN,UNCERTAIN,UNCERTAIN,UNCERTAIN,UNCERTAIN,UNCERTAIN,UNCERTAIN,Pending human visual review; no automated qualitative judgment was made.
IMD065,mel,mel,True,0.4163353741168976,0.4163353741168976,1.081622125453508,0.4163353741168976,0.3688527047634125,0.0474826693534851,LOW,0.0009470092481933,0.0005343458615243,0.2120212316513061,0.0009656873880885,0.4163353741168976,0.3688527047634125,0.0003436545666772,False,True,103.92838541666669,59.3532077921177,393.08525324304713,0.2301268201508033,0.060791015625,0.0146009657118055,7.664999574532839,0.4775383218206599,767.0,576.0,1.3315972222222223,96.0082533094618,106.50264485677084,111.43429226345486,59.76959857408384,60.24057530914072,58.60638575316476,correct melanoma,"[0.0009470092481933534,0.0005343458615243435,0.21202123165130615,0.0009656873880885541,0.4163353741168976,0.3688527047634125,0.0003436545666772872]",analysis/domain_shift_exp5/gradcam_comparison/ph2_cases/IMD065/predicted_heatmap.png,analysis/domain_shift_exp5/gradcam_comparison/ph2_cases/IMD065/predicted_overlay.png,analysis/domain_shift_exp5/gradcam_comparison/ph2_cases/IMD065/true_heatmap.png,analysis/domain_shift_exp5/gradcam_comparison/ph2_cases/IMD065/true_overlay.png,True,"Partially overlaps the visible lesion; strongest hotspots are toward the lower-left lesion margin and right inner edge, while much of the central area is less active.",Substantial; activation approaches the lesion/image periphery at the lower-left and right edge.,Moderate; peripheral activation is visible beyond or near the apparent lesion boundary.,Identical/reused because true class equals predicted class; no target-class difference is assessable.,The correct melanoma map is not uniformly distributed over the visible lesion; hotspots favor peripheral portions. This is a visual description only.,Stage 2 review CSV records visual categories as UNCERTAIN; no lesion masks or automated localization ground truth; Grad-CAM is not causal evidence.,model.features[-1],mel,mel,True,0.0,UNCERTAIN,UNCERTAIN,UNCERTAIN,UNCERTAIN,UNCERTAIN,UNCERTAIN,UNCERTAIN,Pending human visual review; no automated qualitative judgment was made.
IMD085,mel,bkl,False,0.6555670499801636,0.0198157504200935,0.9647276620271752,0.6555670499801636,0.2360435426235199,0.4195235073566437,MODERATE,0.0735772848129272,0.008092756383121,0.6555670499801636,0.0049663647077977,0.0198157504200935,0.2360435426235199,0.0019372740061953,False,True,92.08349609375,39.30816948877903,334.0813457777747,0.4373273463031046,0.0166151258680555,0.0193684895833333,6.939298819263988,0.3392321212694647,764.0,575.0,1.328695652173913,66.48805067274306,101.9521009657118,108.39826117621529,43.7877875738406,38.664736529804266,37.68870756704842,melanoma to other,"[0.07357728481292725,0.008092756383121014,0.6555670499801636,0.004966364707797766,0.019815750420093536,0.2360435426235199,0.0019372740061953664]",analysis/domain_shift_exp5/gradcam_comparison/ph2_cases/IMD085/predicted_heatmap.png,analysis/domain_shift_exp5/gradcam_comparison/ph2_cases/IMD085/predicted_overlay.png,analysis/domain_shift_exp5/gradcam_comparison/ph2_cases/IMD085/true_heatmap.png,analysis/domain_shift_exp5/gradcam_comparison/ph2_cases/IMD085/true_overlay.png,False,"Partially overlapping/uncertain; the predicted bkl map has a central hotspot, whereas the true melanoma map is weak centrally and more peripheral.",Substantial for the true-class map because activation appears near the lower image edge.,"UNCERTAIN; the lower-edge response may be outside the visible lesion, but the boundary is ambiguous in this image.","Clearly different; the predicted bkl map is centered over a broad central patch, while the true melanoma map has weaker central response and lower-edge hotspots.","The two targets yield different spatial patterns, including peripheral true-class activation. Lesion versus background cannot be resolved reliably from this image alone.",Stage 2 review CSV records visual categories as UNCERTAIN; no lesion masks or automated localization ground truth; Grad-CAM is not causal evidence.,model.features[-1],bkl,mel,False,0.0,UNCERTAIN,UNCERTAIN,UNCERTAIN,UNCERTAIN,UNCERTAIN,UNCERTAIN,UNCERTAIN,Pending human visual review; no automated qualitative judgment was made.
IMD168,mel,mel,True,0.3990378379821777,0.3990378379821777,1.5347851568048678,0.3990378379821777,0.1843225061893463,0.2147153317928314,LOW,0.0016564574325457,0.175442174077034,0.1095980927348136,0.0091313403099775,0.3990378379821777,0.1843225061893463,0.1208115741610527,False,True,70.46727837456598,64.10551148196079,130.4398427532043,0.3668462882114651,0.2834269205729167,0.02557373046875,7.30567278124097,0.8222679091485368,767.0,576.0,1.3315972222222223,64.32988823784723,73.13347710503473,72.85373263888889,67.17398568645731,64.99014311320262,58.84232834624657,correct melanoma,"[0.0016564574325457215,0.175442174077034,0.10959809273481369,0.009131340309977531,0.39903783798217773,0.1843225061893463,0.1208115741610527]",analysis/domain_shift_exp5/gradcam_comparison/ph2_cases/IMD168/predicted_heatmap.png,analysis/domain_shift_exp5/gradcam_comparison/ph2_cases/IMD168/predicted_overlay.png,analysis/domain_shift_exp5/gradcam_comparison/ph2_cases/IMD168/true_heatmap.png,analysis/domain_shift_exp5/gradcam_comparison/ph2_cases/IMD168/true_overlay.png,True,"Mainly within the visible lesion-like region, with the strongest focus over its central-right portion.",Moderate; activation reaches an inner lesion margin but remains concentrated centrally.,Minimal; the strongest response is within the central visible lesion-like area.,Identical/reused because true class equals predicted class; no target-class difference is assessable.,"A compact, strong hotspot overlaps the visible lesion-like area. The overlay alone cannot establish lesion localization accuracy.",Stage 2 review CSV records visual categories as UNCERTAIN; no lesion masks or automated localization ground truth; Grad-CAM is not causal evidence.,model.features[-1],mel,mel,True,0.0,UNCERTAIN,UNCERTAIN,UNCERTAIN,UNCERTAIN,UNCERTAIN,UNCERTAIN,UNCERTAIN,Pending human visual review; no automated qualitative judgment was made.
