group,variable,source,n,mean,median,standard_deviation,iqr
A_correct,brightness,analysis/domain_shift_exp5/domain_features.csv,75,57.91714418764467,50.07665337456597,21.482469760042843,28.26371595594619
A_correct,contrast,analysis/domain_shift_exp5/domain_features.csv,75,45.85834995936861,45.23029644562811,5.548436515718782,6.9855854696237145
A_correct,sharpness,analysis/domain_shift_exp5/domain_features.csv,75,136.2627697628301,115.10147895043094,82.1651174405299,94.21271008204806
A_correct,saturation,analysis/domain_shift_exp5/domain_features.csv,75,0.4375312570919571,0.4450789973107298,0.07802811572066914,0.12179278205422794
A_correct,dark_pixel_ratio,analysis/domain_shift_exp5/domain_features.csv,75,0.39196126302083334,0.4711235894097222,0.2595024858928988,0.49368625217013895
A_correct,bright_pixel_ratio,analysis/domain_shift_exp5/domain_features.csv,75,0.016313114872685143,0.0158623589409722,0.0035111947833652082,0.0027533637152778005
A_correct,entropy,analysis/domain_shift_exp5/domain_features.csv,75,6.597730439633473,6.492240556378052,0.4643279902433798,0.6770092881233731
A_correct,illumination_variation,analysis/domain_shift_exp5/domain_features.csv,75,0.799759137420947,0.8477826564645254,0.24843917303042473,0.3598149079039563
B_incorrect,brightness,analysis/domain_shift_exp5/domain_features.csv,45,79.22775788483797,76.77035861545139,30.454438975119032,50.236829969618064
B_incorrect,contrast,analysis/domain_shift_exp5/domain_features.csv,45,48.015570241857716,47.1729831881959,7.572707781561261,11.975080216458664
B_incorrect,sharpness,analysis/domain_shift_exp5/domain_features.csv,45,223.23350362984675,207.3281409074035,128.74025805212779,184.61732564700975
B_incorrect,saturation,analysis/domain_shift_exp5/domain_features.csv,45,0.410237549832819,0.425174994042756,0.10198332337414816,0.14314863749319168
B_incorrect,dark_pixel_ratio,analysis/domain_shift_exp5/domain_features.csv,45,0.22423291618441354,0.1248304578993055,0.21554326474482935,0.3720635308159723
B_incorrect,bright_pixel_ratio,analysis/domain_shift_exp5/domain_features.csv,45,0.0185411241319444,0.0168863932291666,0.005882446990711467,0.0061238606770834016
B_incorrect,entropy,analysis/domain_shift_exp5/domain_features.csv,45,7.02135690718348,7.210328249593738,0.554534843954313,1.0258707005612262
B_incorrect,illumination_variation,analysis/domain_shift_exp5/domain_features.csv,45,0.6122428100598393,0.5435021740035738,0.23679252885549862,0.40503708292196955
C_incorrect_high_very_high,brightness,analysis/domain_shift_exp5/domain_features.csv,11,83.25392412898518,73.65696885850694,25.437227481529007,35.89793226453993
C_incorrect_high_very_high,contrast,analysis/domain_shift_exp5/domain_features.csv,11,50.0656815225961,47.46418497777753,7.761334351138676,9.885649661162965
C_incorrect_high_very_high,sharpness,analysis/domain_shift_exp5/domain_features.csv,11,269.18443031662576,237.8164948353337,145.40051873203362,175.6528603742704
C_incorrect_high_very_high,saturation,analysis/domain_shift_exp5/domain_features.csv,11,0.3760898105789821,0.3683006004050926,0.10660493072778804,0.11154741274765118
C_incorrect_high_very_high,dark_pixel_ratio,analysis/domain_shift_exp5/domain_features.csv,11,0.18453208846275249,0.1647813585069444,0.16196502618579972,0.26550971137152785
C_incorrect_high_very_high,bright_pixel_ratio,analysis/domain_shift_exp5/domain_features.csv,11,0.02061570292771461,0.0187038845486111,0.007104233664784648,0.0044352213541667025
C_incorrect_high_very_high,entropy,analysis/domain_shift_exp5/domain_features.csv,11,7.183007730381737,7.223446192847007,0.30514818966698576,0.23012620168733378
C_incorrect_high_very_high,illumination_variation,analysis/domain_shift_exp5/domain_features.csv,11,0.5759624747404998,0.5624950661867758,0.22571132709579922,0.430897864367574
D_incorrect_lower,brightness,analysis/domain_shift_exp5/domain_features.csv,34,77.9251746882021,82.95804850260416,32.146577829512765,53.44782002766928
D_incorrect_lower,contrast,analysis/domain_shift_exp5/domain_features.csv,34,47.35229894514825,45.60464734313405,7.506858542276883,11.412884205784806
D_incorrect_lower,sharpness,analysis/domain_shift_exp5/domain_features.csv,34,208.36702734882996,197.0179951361576,121.4937949725453,186.0114496222548
D_incorrect_lower,saturation,analysis/domain_shift_exp5/domain_features.csv,34,0.42128534782670723,0.43103447542211326,0.0995449693801182,0.15456115456707853
D_incorrect_lower,dark_pixel_ratio,analysis/domain_shift_exp5/domain_features.csv,34,0.23707730162377452,0.11844550238715275,0.23086910136841834,0.4511956108940973
D_incorrect_lower,bright_pixel_ratio,analysis/domain_shift_exp5/domain_features.csv,34,0.01786993687448933,0.0164388020833333,0.0053800396707529945,0.005906846788194401
D_incorrect_lower,entropy,analysis/domain_shift_exp5/domain_features.csv,34,6.969058111442869,7.165278349336229,0.608495428885898,1.1306123330937634
D_incorrect_lower,illumination_variation,analysis/domain_shift_exp5/domain_features.csv,34,0.6239805656043316,0.532321003159321,0.24236784009757914,0.4257254805526267
E_correct_high_very_high,brightness,analysis/domain_shift_exp5/domain_features.csv,35,61.57303563678075,55.93701850043403,21.874930093520927,31.63713582356771
E_correct_high_very_high,contrast,analysis/domain_shift_exp5/domain_features.csv,35,45.78893905724755,45.32457272138888,5.254118865241299,6.648734350945297
E_correct_high_very_high,sharpness,analysis/domain_shift_exp5/domain_features.csv,35,137.49024398207294,127.30491914641526,68.53011846122291,73.99995275412076
E_correct_high_very_high,saturation,analysis/domain_shift_exp5/domain_features.csv,35,0.4264465480202497,0.4317245849077478,0.07790313224867973,0.12263115776909722
E_correct_high_very_high,dark_pixel_ratio,analysis/domain_shift_exp5/domain_features.csv,35,0.35592021639384924,0.3141750759548611,0.2630156299118867,0.5430874294704862
E_correct_high_very_high,bright_pixel_ratio,analysis/domain_shift_exp5/domain_features.csv,35,0.016232251364087253,0.0156995985243055,0.0041120118915187265,0.002288818359375
E_correct_high_very_high,entropy,analysis/domain_shift_exp5/domain_features.csv,35,6.641175899038021,6.497659786539015,0.4431972414571028,0.6954084375607685
E_correct_high_very_high,illumination_variation,analysis/domain_shift_exp5/domain_features.csv,35,0.7554089763382789,0.7263230318335265,0.25309670070481405,0.3998835677499416
