group,variable,n,mean,median,standard_deviation,iqr
A_correct,confidence,75,0.7231814797719319,0.7437450885772705,0.15683682767799764,0.22704637050628662
A_correct,entropy,75,0.7124909941457719,0.7181897942115787,0.2950440179583828,0.39146568750446087
A_correct,true_class_probability,75,0.7231814797719319,0.7437450885772705,0.15683682767799764,0.22704637050628662
A_correct,prediction_margin,75,0.5294169081669922,0.5564109832048416,0.25464014703635146,0.3604973070323467
B_incorrect,confidence,45,0.6345401240719689,0.6555670499801636,0.14590434387403903,0.2201574444770813
B_incorrect,entropy,45,0.8756875717233523,0.9360507663638932,0.22796864592674437,0.28117733727471705
B_incorrect,true_class_probability,45,0.20142137859430578,0.1683604419231414,0.14321809266506005,0.214279904961586
B_incorrect,prediction_margin,45,0.37669811497131983,0.4185041189193725,0.24748057492784373,0.3892585188150407
C_incorrect_high_very_high,confidence,11,0.816890228878368,0.8166708946228027,0.04868270474800536,0.02306947112083435
C_incorrect_high_very_high,entropy,11,0.5997934231923518,0.6302990302069686,0.1352363167854107,0.14432872782963224
C_incorrect_high_very_high,true_class_probability,11,0.09503826634450387,0.1196127086877822,0.07339775378901488,0.10753811337053779
C_incorrect_high_very_high,prediction_margin,11,0.6828338239680637,0.68246990442276,0.09928654256431255,0.04691338166594505
D_incorrect_lower,confidence,34,0.5755445019287222,0.5838843584060669,0.11400049848903566,0.18637390434741974
D_incorrect_lower,entropy,34,0.9649474433069112,0.9591497868591604,0.1736939060765987,0.17442529016621833
D_incorrect_lower,true_class_probability,34,0.23583944432218285,0.25793205201625824,0.14395524615780714,0.21821148879826074
D_incorrect_lower,prediction_margin,34,0.2776542091194321,0.27963700890541077,0.1932053647458869,0.3627501912415029
E_correct_high_very_high,confidence,35,0.8550793528556824,0.8451390862464905,0.07002048916994676,0.10857519507408142
E_correct_high_very_high,entropy,35,0.48508962317399146,0.5033842008709902,0.18643575831952813,0.25008784258326167
E_correct_high_very_high,true_class_probability,35,0.8550793528556824,0.8451390862464905,0.07002048916994676,0.10857519507408142
E_correct_high_very_high,prediction_margin,35,0.7462550907096427,0.7262765616178513,0.12588866688277228,0.2159719541668892
