bin,lower,upper,count,mean_confidence,empirical_accuracy,absolute_gap
0,0.0,0.1,0,,,
1,0.1,0.2,0,,,
2,0.2,0.3,1,0.27243101596832275,0.0,0.27243101596832275
3,0.3,0.4,41,0.3649240143415404,0.1951219512195122,0.16980206312202822
4,0.4,0.5,80,0.46299408189952374,0.4,0.06299408189952371
5,0.5,0.6,98,0.5457912336806862,0.5204081632653061,0.025383070415380016
6,0.6,0.7,135,0.6505505424958689,0.725925925925926,0.07537538343005712
7,0.7,0.8,124,0.7530046187100872,0.8870967741935484,0.1340921554834612
8,0.8,0.9,147,0.8512783261383472,0.9047619047619048,0.05348357862355757
9,0.9,1.0,388,0.9646188645940466,0.9742268041237113,0.009607939529664766
