feature,quantile,quantile_name,count,quality_min,quality_max,accuracy,error_rate,mean_confidence,mean_predictive_entropy
brightness,1,lowest,338,7.535785185185185,47.40389259259259,0.8402366863905325,0.1597633136094675,0.7957453378558864,0.537940437431563
brightness,2,middle,338,47.43809259259259,66.93791481481482,0.8313609467455622,0.16863905325443784,0.806955230218419,0.5010062767214765
brightness,3,highest,338,67.05208148148148,129.98177037037038,0.7248520710059172,0.2751479289940828,0.7238329006193658,0.701937076770673
contrast,1,lowest,338,26.165496240174683,44.591810056487446,0.7899408284023669,0.2100591715976331,0.7585212460460042,0.6444238382474293
contrast,2,middle,338,44.60000739947145,51.87893716580654,0.742603550295858,0.257396449704142,0.756409225291049,0.6269058812597006
contrast,3,highest,338,51.926850161291284,78.92712400472313,0.863905325443787,0.13609467455621305,0.8116029973566179,0.4695540714165824
sharpness,1,lowest,338,27.348954960987662,299.50432947257883,0.7988165680473372,0.20118343195266275,0.753549549882934,0.6256350665876763
sharpness,2,middle,338,300.22383216438953,598.6046058216738,0.8136094674556213,0.18639053254437865,0.7957798237278617,0.5306402247718717
sharpness,3,highest,338,598.6616772773525,4550.671001694321,0.7840236686390533,0.21597633136094674,0.7772040950828756,0.5846084995641643
saturation,1,lowest,338,0.11446961510530138,0.32758637618010167,0.7544378698224852,0.24556213017751483,0.7481361726331993,0.6415836249241198
saturation,2,middle,338,0.32775068990559186,0.3916684386347131,0.8609467455621301,0.13905325443786987,0.8066840023684079,0.4998549203685975
saturation,3,highest,338,0.39167636891793756,0.8806707334785766,0.7810650887573964,0.21893491124260356,0.771713293692064,0.5994452456309951
dark_pixel_ratio,1,lowest,338,0.012162962962962962,0.20313333333333333,0.7189349112426036,0.28106508875739644,0.7187448881963301,0.7227584224155713
dark_pixel_ratio,2,middle,338,0.20327407407407408,0.4767,0.834319526627219,0.16568047337278102,0.8067014964198219,0.5015802281748878
dark_pixel_ratio,3,highest,338,0.47684444444444446,0.9710444444444445,0.8431952662721893,0.15680473372781067,0.801087084077519,0.5165451403332533
bright_pixel_ratio,1,lowest,338,0.005262962962962963,0.015937037037037038,0.7514792899408284,0.24852071005917165,0.7301623563794695,0.7059660327273625
bright_pixel_ratio,2,middle,338,0.015944444444444445,0.020444444444444446,0.772189349112426,0.22781065088757402,0.7584229660104718,0.6168691969405
bright_pixel_ratio,3,highest,338,0.020444444444444446,0.057433333333333336,0.8727810650887574,0.1272189349112426,0.8379481463037299,0.4180485612558498
entropy,1,lowest,338,3.388254681594274,6.561380354647491,0.8579881656804734,0.14201183431952658,0.8112981900484604,0.5067716907742902
entropy,2,middle,338,6.562561544405779,7.177939563473877,0.8254437869822485,0.17455621301775148,0.8028537947574311,0.514683187035458
entropy,3,highest,338,7.181916718498727,7.892232949997654,0.7130177514792899,0.2869822485207101,0.7123814838877797,0.7194289131139642
illumination_variation,1,lowest,338,0.22889134148033743,0.6690225136346698,0.6982248520710059,0.30177514792899407,0.7009015261421542,0.7628366178860502
illumination_variation,2,middle,338,0.6700865950163842,0.9464635185600819,0.8313609467455622,0.16863905325443784,0.8138589933955458,0.48706585050632173
illumination_variation,3,highest,338,0.9467772413623435,3.069543569831496,0.8668639053254438,0.13313609467455623,0.8117729491559711,0.4909813225313404
