status,paper_statement_and_problem,chosen_interpretation,justification,possible_alternative,expected_experimental_consequence
INFERRED,Successive EfficientNet and ResNet blocks enter MFF → tap indices unspecified,EfficientNet features 2/3/5/7 paired with ResNet layers 1/2/3/4,"Four compatible scales 1/4, 1/8, 1/16, 1/32",Other EfficientNet stages; fewer/more pairs,"Changes receptive fields, MFF size and parameter count"
INFERRED,"SCGA in first two ResNet blocks, NLB in later blocks → “block” level ambiguous",SCGA after layer1/layer2; NLB after layer3/layer4,Literal four-stage interpretation of Figure 6 text,Insert inside individual bottlenecks or after different stages,Changes representational path and compute
ASSUMED,SCGA GMA equal groups → group count absent,"Eight groups, requiring divisible channels",Divides all chosen ResNet and fusion widths,Four or sixteen groups,Changes pooling granularity and parameter count
ASSUMED,Equations 17–22 describe directional statistics but convolution detail is incomplete,Width mean/max produce horizontal H×1 maps; height mean/max produce vertical 1×W maps; each group uses shared per-group 1×1 projections,"Preserves axes, group dimensions and stated operation order",Per-group unshared projections; different axis names,Changes attention parameters and orientation
EXPLICIT,SCGA spatial path lists 1×1 layers 64→16(dilation 2)→8→sigmoid mask,Implement those literal 1×1 layers,Direct textual match,Interpret dilation as implying larger kernel,Literal 1×1 dilation has no receptive-field effect
ASSUMED,Final spatial mask expanded by fixed all-ones convolution → initialization/freeze unclear,Fixed non-trainable 1×1 projection of one mask channel to C channels,Honors “fixed weights” and channel expansion,Repeated broadcast or trainable projection,Fixed version adds no trainable parameters
ASSUMED,"NLB key/value subsampling allowed, factor absent",Average-pool keys/values by two when possible,Equation 28 explicitly permits reduction,Max-pool or no reduction,Alters global context and memory
ASSUMED,NLB embedding width and output initialization absent,"C/2 projection, learned residual output projection",Conventional compact embedded-Gaussian block,"C/4, zero-initialized output",Changes parameter count and first-step behavior
ASSUMED,"MFF separable convolution stride 2 stated, kernel/width absent",Depthwise 3×3 stride 2 plus pointwise 1×1 to 128 channels,Standard separable convolution with stated downsampling,Different kernel or width,"Changes output detail, compute and parameters"
ASSUMED,Paired feature maps may differ in height/width → alignment absent,Resize both to the lower common spatial dimensions using bilinear interpolation only when needed,Makes mismatch explicit; actual chosen taps already match,"Pad, crop, nearest interpolation",Affects spatial evidence and fusion
ASSUMED,Concatenate outputs from all MFFs before GAP → different spatial sizes,"Resize four MFF outputs to smallest fused map, concatenate, 1×1 reduce, GAP",Implements stated concatenation and GAP with defined tensor operations,Per-scale GAP then vector concatenation,Changes information retained from fine scales
INFERRED,Paper ends in dense softmax → training module output convention,Return logits and apply softmax externally,Stable cross-entropy/focal-loss contract; same probability mapping,Return probabilities,Numerical training behavior changes if softmax duplicated
UNRESOLVED,Table 1/Figure 3 do not supply a fully executable topology in accessible paper text,Treat author-code identity as unverified,Exact layer-to-layer and fusion wiring cannot be established,Obtain original code or author clarification,Prevents “exact reproduction” claim
UNRESOLVED,Figure 3 and Table 1 are images in the paper PDF → their visual details were inaccessible during Stage 8,Keep visual paper check open; do not certify paper-faithful training readiness yet,Full text and captions cannot substitute for visual inspection of wiring/table entries,User supplies local PDF path or attachment,"Could require revision of stage taps, module placement, or fusion topology"
UNRESOLVED,Paper top-hat equation highlights bright features while target hair is dark; repository uses blackhat,Preserve repository preprocessing unchanged,Stage 8 verifies architecture only,Implement top-hat version after controlled protocol decision,Different hair masks and model inputs
UNRESOLVED,"Paper mentions crop, model size, and 20 augmentations without operational parameters",Do not add crop or new transforms; use 384 only for synthetic compatibility check,Avoid fabricated values,Author parameters or separately prespecified design,Future training protocol must declare deviations
ASSUMED,EfficientNet is explicitly pretrained; ResNet pretrained status unclear,Both constructors allow pretrained weights but Stage 8 verification uses `False`,Prevents network download and separates structure from weights,Initialize either/both from ImageNet in Stage 9,Affects future optimization and comparability
