paper_component,paper_reference,paper_description,implementation_file,implementation_class,implementation_behavior,status,assumption,action_taken
EfficientNetV2S branch,Table 1; Figure 3,Stages 0–7 with 24/24/48/64/128/160/256/1280 channels,src/models/egvan/efficientnet_branch.py,EfficientNetBranch,torchvision features; taps 2/3/5/7,PAPER-CONSISTENT ASSUMPTION,Tap subset unnumbered in Figure 3,Verified selected channel dimensions
Modified ResNet50,Table 1; Figure 6,256/512-channel SCGA stages then 1024/2048-channel NLB stages,src/models/egvan/modified_resnet50.py,ModifiedResNet50,Post-layer1/2 SCGA; post-layer3/4 NLB,PAPER-CONSISTENT ASSUMPTION,Post-stage versus inside-bottleneck placement not specified,Verified channels and order
SCGA spatial path,Figure 4; III-C-2,64→16(dilation 2)→8→sigmoid mask; GAP refinement; 1x1 input path,src/models/egvan/spatial_attention.py,SpatialAttention,"Named convolutions, mask GAP, fixed mask expansion, trainable 1x1 input projection",PAPER-CONSISTENT ASSUMPTION,Input 1x1 weight policy not given,Added Figure 4 input projection
Group-wise Mean-Max Attention,Figure 4; equations 16–22,Group split; width/height mean/max; directional 1x1 and sigmoid; addition and group concat,src/models/egvan/scga.py,GroupMeanMaxAttention,Eight groups with shared group convolution weights,PAPER-CONSISTENT ASSUMPTION,Group count and sharing unspecified,Verified dimensions and backward
SCGA composition,Figure 4; III-C-2,Spatial attention feeds GMA,src/models/egvan/scga.py,SCGA,GMA(SpatialAttention(x)),EXACT,None for module order,No correction
Non-Local Block,Figure 5; equations 23–28,"Q/K/V 1x1, embedded Gaussian softmax, value aggregation, projection and residual",src/models/egvan/non_local.py,NonLocalBlock,Embedded Gaussian with stride-2 key/value average pooling,PAPER-CONSISTENT ASSUMPTION,Reduction factor and embed width absent,Verified subsampling and finite gradients
MFF per-scale flow,Figure 3 inset; III-C-5,Efficient SA + ResNet GMA → concat → separable stride 2 → BN → SCGA,src/models/egvan/mff.py,MFF,Same sequence with depthwise 3x3+pointwise 1x1,PAPER-CONSISTENT ASSUMPTION,Separable kernel and output width absent,No order correction needed
Feature extraction points,Figure 3; Table 1,Representative early/intermediate/final branch maps; no numbered MFF tap list,src/models/egvan/efficientnet_branch.py,tap_indices,Efficient 2/3/5/7 paired with ResNet 1/2/3/4,PAPER-UNDERSPECIFIED,Exact paired stage subset not recoverable,Retained transparent tap choice
Feature-map alignment,Figure 3; III-C-5,MFF receives corresponding-scale maps; final maps vary in size,src/models/egvan/mff.py,MFF.forward,Bilinear resize only if paired or carry sizes differ,PAPER-UNDERSPECIFIED,Interpolation policy absent,Retained documented alignment
Multi-scale connections,Figure 3,Arrows connect successive MFF boxes,src/models/egvan/egvan.py,EGVAN.forward_features,Previous MFF output carried into next MFF concatenation,PAPER-CONSISTENT ASSUMPTION,Diagram does not define carry operator,Corrected missing Stage 8 serial link
Final concatenation,Figure 3; III-C-6,Last branch maps and MFF outputs feed a final concat node,src/models/egvan/egvan.py,EGVAN.forward_features,Four MFF maps and both terminal branch maps aligned and concatenated,PAPER-CONSISTENT ASSUMPTION,Exact alignment and whether every intermediate MFF output enters final concat unspecified,Corrected missing terminal branch maps
Global average pooling,Figure 3; III-C-6,Global average pooling after final concatenation,src/models/egvan/egvan.py,EGVAN.pool,GAP after aggregate 1x1 projection,PAPER-CONSISTENT ASSUMPTION,Interposed 1x1 projection not explicit,Retained as dimension reduction
Classifier,Figure 3; III-C-6,Dense K-way softmax classification,src/models/egvan/egvan.py,EGVAN.classifier,"K logits, softmax external",PAPER-CONSISTENT ASSUMPTION,PyTorch loss contract,No correction
Output classes,III-C-6; paper experiments,K configurable; paper reports nine-class and seven-class experiments,src/models/egvan/egvan.py,EGVAN.__init__,Defaults to seven for frozen project compatibility,PAPER-CONSISTENT ASSUMPTION,Stage 8B does not reproduce paper experiments,No class redesign
