epoch,train_loss,val_loss,val_accuracy,val_balanced_accuracy,val_macro_f1,val_mel_precision,val_mel_recall,val_mel_f1,val_nv_recall,eligible,learning_rate
1,nan,nan,0.030425963488843813,0.14285714285714285,0.00843644544431946,0.0,0.0,0.0,0.0,False,0.001
2,nan,nan,0.030425963488843813,0.14285714285714285,0.00843644544431946,0.0,0.0,0.0,0.0,False,0.0005
3,nan,nan,0.030425963488843813,0.14285714285714285,0.00843644544431946,0.0,0.0,0.0,0.0,False,0.0005
4,nan,nan,0.030425963488843813,0.14285714285714285,0.00843644544431946,0.0,0.0,0.0,0.0,False,0.00025
5,nan,nan,0.030425963488843813,0.14285714285714285,0.00843644544431946,0.0,0.0,0.0,0.0,False,0.00025
6,nan,nan,0.030425963488843813,0.14285714285714285,0.00843644544431946,0.0,0.0,0.0,0.0,False,0.000125
7,nan,nan,0.030425963488843813,0.14285714285714285,0.00843644544431946,0.0,0.0,0.0,0.0,False,0.000125
8,nan,nan,0.030425963488843813,0.14285714285714285,0.00843644544431946,0.0,0.0,0.0,0.0,False,6.25e-05
9,nan,nan,0.030425963488843813,0.14285714285714285,0.00843644544431946,0.0,0.0,0.0,0.0,False,6.25e-05
10,nan,nan,0.030425963488843813,0.14285714285714285,0.00843644544431946,0.0,0.0,0.0,0.0,False,3.125e-05
11,nan,nan,0.030425963488843813,0.14285714285714285,0.00843644544431946,0.0,0.0,0.0,0.0,False,3.125e-05
12,nan,nan,0.030425963488843813,0.14285714285714285,0.00843644544431946,0.0,0.0,0.0,0.0,False,1.5625e-05
13,nan,nan,0.030425963488843813,0.14285714285714285,0.00843644544431946,0.0,0.0,0.0,0.0,False,1.5625e-05
14,nan,nan,0.030425963488843813,0.14285714285714285,0.00843644544431946,0.0,0.0,0.0,0.0,False,7.8125e-06
15,nan,nan,0.030425963488843813,0.14285714285714285,0.00843644544431946,0.0,0.0,0.0,0.0,False,7.8125e-06
16,nan,nan,0.030425963488843813,0.14285714285714285,0.00843644544431946,0.0,0.0,0.0,0.0,False,3.90625e-06
17,nan,nan,0.030425963488843813,0.14285714285714285,0.00843644544431946,0.0,0.0,0.0,0.0,False,3.90625e-06
18,nan,nan,0.030425963488843813,0.14285714285714285,0.00843644544431946,0.0,0.0,0.0,0.0,False,1.953125e-06
19,nan,nan,0.030425963488843813,0.14285714285714285,0.00843644544431946,0.0,0.0,0.0,0.0,False,1.953125e-06
20,nan,nan,0.030425963488843813,0.14285714285714285,0.00843644544431946,0.0,0.0,0.0,0.0,False,9.765625e-07
21,nan,nan,0.030425963488843813,0.14285714285714285,0.00843644544431946,0.0,0.0,0.0,0.0,False,9.765625e-07
22,nan,nan,0.030425963488843813,0.14285714285714285,0.00843644544431946,0.0,0.0,0.0,0.0,False,4.8828125e-07
23,nan,nan,0.030425963488843813,0.14285714285714285,0.00843644544431946,0.0,0.0,0.0,0.0,False,4.8828125e-07
24,nan,nan,0.030425963488843813,0.14285714285714285,0.00843644544431946,0.0,0.0,0.0,0.0,False,2.44140625e-07
25,nan,nan,0.030425963488843813,0.14285714285714285,0.00843644544431946,0.0,0.0,0.0,0.0,False,2.44140625e-07
