image_id,true_class,predicted_class,correct,error_type,confidence,predictive_entropy_nats,normalized_entropy,p_mel
ISIC_0024449,mel,mel,True,correct_mel,0.84691298007965088,0.44057431143056036,0.22641040833485929,0.84691298007965088
ISIC_0024482,mel,mel,True,correct_mel,0.95349729061126709,0.21289649039852349,0.10940715351213877,0.95349729061126709
ISIC_0024732,mel,mel,True,correct_mel,0.87662261724472046,0.42424676496863029,0.21801970927310832,0.87662261724472046
ISIC_0024767,mel,df,False,mel_to_df,0.50470119714736938,1.1798871561439961,0.60634205372575878,0.041846442967653275
ISIC_0024805,mel,mel,True,correct_mel,0.79279065132141113,0.52533460006878885,0.2699685801648265,0.79279065132141113
ISIC_0024898,mel,nv,False,mel_to_nv,0.83736509084701538,0.53012496088104999,0.27243033864560051,0.12691801786422729
ISIC_0025018,mel,nv,False,mel_to_nv,0.87875723838806152,0.44833835829703389,0.23040033914962108,0.10004871338605881
ISIC_0025035,mel,mel,True,correct_mel,0.49241039156913757,0.82290159607702174,0.42288776615740364,0.49241039156913757
ISIC_0025097,mel,nv,False,mel_to_nv,0.42485642433166504,1.2584692903402175,0.64672528222907433,0.27618950605392456
ISIC_0025195,mel,mel,True,correct_mel,0.70088165998458862,0.70052412917883022,0.35999818877501399,0.70088165998458862
ISIC_0025238,mel,nv,False,mel_to_nv,0.71601581573486328,0.64207578661719722,0.3299616824183314,0.27658841013908386
ISIC_0025317,mel,mel,True,correct_mel,0.80914992094039917,0.69887976877266511,0.35915315468802728,0.80914992094039917
ISIC_0025391,mel,mel,True,correct_mel,0.9722636342048645,0.13706494880879797,0.070437449989836018,0.9722636342048645
ISIC_0025413,mel,mel,True,correct_mel,0.94402784109115601,0.23079457169981507,0.11860494782447155,0.94402784109115601
ISIC_0025439,mel,mel,True,correct_mel,0.8715025782585144,0.46292129926257652,0.23789448833868937,0.8715025782585144
ISIC_0025500,mel,mel,True,correct_mel,0.50230234861373901,0.88563089023884178,0.45512424644518745,0.50230234861373901
ISIC_0025546,mel,mel,True,correct_mel,0.72156441211700439,0.77973960903747841,0.40070689256439762,0.72156441211700439
ISIC_0025603,mel,mel,True,correct_mel,0.57626193761825562,0.6965642478780576,0.35796321233856593,0.57626193761825562
ISIC_0025835,mel,mel,True,correct_mel,0.69282656908035278,0.63595528681617375,0.32681636771611106,0.69282656908035278
ISIC_0025927,mel,bcc,False,mel_to_bcc,0.41606906056404114,1.3958518228271508,0.71732593794466781,0.34058201313018799
ISIC_0026094,mel,nv,False,mel_to_nv,0.51496344804763794,1.1612622053198305,0.59677072237050199,0.32351717352867126
ISIC_0026239,mel,mel,True,correct_mel,0.60480374097824097,0.67201169875918165,0.3453456980454237,0.60480374097824097
ISIC_0026296,mel,nv,False,mel_to_nv,0.98973304033279419,0.062896063860333792,0.032322182959407517,0.0083972476422786713
ISIC_0026420,mel,mel,True,correct_mel,0.89975285530090332,0.44014579454012309,0.22619019421518613,0.89975285530090332
ISIC_0026438,mel,nv,False,mel_to_nv,0.77070093154907227,0.61119249348593541,0.31409080927125688,0.21235042810440063
ISIC_0026500,mel,mel,True,correct_mel,0.5682976245880127,0.70309298398876396,0.36131831900362749,0.5682976245880127
ISIC_0026596,mel,nv,False,mel_to_nv,0.81841081380844116,0.55257915549035341,0.28396951203456933,0.023490197956562042
ISIC_0026622,mel,mel,True,correct_mel,0.94706857204437256,0.26094614611365996,0.13409979193558463,0.94706857204437256
ISIC_0026738,mel,mel,True,correct_mel,0.76296979188919067,0.67933831728073757,0.34911083515882679,0.76296979188919067
ISIC_0026745,mel,mel,True,correct_mel,0.75983846187591553,0.6029904998900083,0.30987581835818262,0.75983846187591553
ISIC_0027060,mel,mel,True,correct_mel,0.52602392435073853,0.73947060815721388,0.38001271976314366,0.52602392435073853
ISIC_0027071,mel,mel,True,correct_mel,0.93841099739074707,0.29813742346253408,0.15321232771578469,0.93841099739074707
ISIC_0027089,mel,nv,False,mel_to_nv,0.55985945463180542,0.69141492428679663,0.35531698348069146,0.43943867087364197
ISIC_0027238,mel,nv,False,mel_to_nv,0.69615858793258667,0.65139430447478919,0.33475045329869085,0.2959257960319519
ISIC_0027306,mel,mel,True,correct_mel,0.5535435676574707,0.94630551126696094,0.48630483361545068,0.5535435676574707
ISIC_0027620,mel,nv,False,mel_to_nv,0.86348932981491089,0.42249607161144137,0.2171200308588512,0.13087762892246246
ISIC_0027693,mel,nv,False,mel_to_nv,0.69050443172454834,0.63672707273985385,0.32721298722295455,0.30640947818756104
ISIC_0028041,mel,mel,True,correct_mel,0.80362397432327271,0.6625461630144337,0.34048137491655611,0.80362397432327271
ISIC_0028056,mel,bkl,False,mel_to_bkl,0.5384746789932251,0.91588762806225277,0.47067313385815446,0.084042161703109741
ISIC_0028126,mel,nv,False,mel_to_nv,0.84087377786636353,0.48059664128109464,0.24697781730282425,0.14958713948726654
ISIC_0028156,mel,mel,True,correct_mel,0.66777956485748291,0.67711765262305867,0.34796963927228652,0.66777956485748291
ISIC_0028173,mel,bcc,False,mel_to_bcc,0.6892240047454834,0.94116930586983927,0.48366534617579932,0.10214431583881378
ISIC_0028291,mel,mel,True,correct_mel,0.84627234935760498,0.54849265300377603,0.28186946518062739,0.84627234935760498
ISIC_0028326,mel,mel,True,correct_mel,0.87183851003646851,0.38926154096705434,0.20004086065126403,0.87183851003646851
ISIC_0028415,mel,mel,True,correct_mel,0.67570704221725464,0.65211869147381918,0.33512271457672654,0.67570704221725464
ISIC_0028481,mel,mel,True,correct_mel,0.63426989316940308,0.91026593277716217,0.46778415396983858,0.63426989316940308
ISIC_0028519,mel,bcc,False,mel_to_bcc,0.64929962158203125,0.93159848363847075,0.47874691649598344,0.27332454919815063
ISIC_0028582,mel,mel,True,correct_mel,0.62980401515960693,0.74653662176832913,0.3836439324450579,0.62980401515960693
ISIC_0029017,mel,mel,True,correct_mel,0.52123075723648071,0.69635710436837994,0.35785676163230995,0.52123075723648071
ISIC_0029172,mel,mel,True,correct_mel,0.73388344049453735,0.73264740801625983,0.37650628852105034,0.73388344049453735
ISIC_0029265,mel,mel,True,correct_mel,0.89022886753082275,0.46708970834394897,0.24003662685592569,0.89022886753082275
ISIC_0029272,mel,nv,False,mel_to_nv,0.55764567852020264,0.71578148482809412,0.36783891855211642,0.43770107626914978
ISIC_0029353,mel,bkl,False,mel_to_bkl,0.31293773651123047,1.5282836580211772,0.78538243852786194,0.23007078468799591
ISIC_0029538,mel,mel,True,correct_mel,0.5035700798034668,0.99117930148363032,0.50936540002364505,0.5035700798034668
ISIC_0029547,mel,mel,True,correct_mel,0.71789020299911499,0.88928859506002622,0.45700393488967195,0.71789020299911499
ISIC_0029571,mel,mel,True,correct_mel,0.63808971643447876,0.66393397228735662,0.34119456780143659,0.63808971643447876
ISIC_0029632,mel,mel,True,correct_mel,0.87792438268661499,0.39391848388698092,0.20243405589832486,0.87792438268661499
ISIC_0029780,mel,mel,True,correct_mel,0.85727262496948242,0.5552069805158647,0.28531994695921736,0.85727262496948242
ISIC_0029819,mel,mel,True,correct_mel,0.45211780071258545,1.0463392887310186,0.5377120260352144,0.45211780071258545
ISIC_0029937,mel,nv,False,mel_to_nv,0.59905713796615601,0.9500636012296686,0.48823610981776255,0.2891198992729187
ISIC_0030032,mel,mel,True,correct_mel,0.87479382753372192,0.38181636108670552,0.19621479505210815,0.87479382753372192
ISIC_0030171,mel,mel,True,correct_mel,0.4951118528842926,0.77139431103993583,0.39641825775687889,0.4951118528842926
ISIC_0030277,mel,bkl,False,mel_to_bkl,0.47108066082000732,1.0404425718839905,0.53468171302210288,0.401365727186203
ISIC_0030440,mel,nv,False,mel_to_nv,0.68893975019454956,0.73362406903512001,0.37700819299969973,0.28218862414360046
ISIC_0030507,mel,mel,True,correct_mel,0.68654197454452515,0.80193169971674616,0.41211137117819252,0.68654197454452515
ISIC_0030818,mel,mel,True,correct_mel,0.58943402767181396,0.68276822468320419,0.35087345888743615,0.58943402767181396
ISIC_0030828,mel,mel,True,correct_mel,0.53858274221420288,0.78261206539506123,0.4021830431250889,0.53858274221420288
ISIC_0031005,mel,mel,True,correct_mel,0.85785520076751709,0.60012741634582767,0.30840448447076207,0.85785520076751709
ISIC_0031025,mel,mel,True,correct_mel,0.58781123161315918,0.69856555621701411,0.35899168137652643,0.58781123161315918
ISIC_0031339,mel,mel,True,correct_mel,0.42030104994773865,1.3529405871552986,0.69527392506386521,0.42030104994773865
ISIC_0031406,mel,nv,False,mel_to_nv,0.76015263795852661,0.69382883383239058,0.35655748759480271,0.204193115234375
ISIC_0031479,mel,mel,True,correct_mel,0.79423832893371582,0.64286385313121031,0.33036666849355983,0.79423832893371582
ISIC_0031529,mel,nv,False,mel_to_nv,0.44165518879890442,1.0326213193067397,0.53066238428739865,0.14394563436508179
ISIC_0031666,mel,mel,True,correct_mel,0.45871031284332275,1.091511775348488,0.56092609202865173,0.45871031284332275
ISIC_0031931,mel,mel,True,correct_mel,0.78912830352783203,0.71707535976679726,0.36850383873834974,0.78912830352783203
ISIC_0031953,mel,nv,False,mel_to_nv,0.86700832843780518,0.39957127646625268,0.20533901663457263,0.1319253146648407
ISIC_0032110,mel,mel,True,correct_mel,0.61567771434783936,0.69585644956200587,0.35759947595721486,0.61567771434783936
ISIC_0032244,mel,mel,True,correct_mel,0.8108481764793396,0.57502268174706328,0.29550320297482452,0.8108481764793396
ISIC_0032245,mel,nv,False,mel_to_nv,0.59262692928314209,0.92066891226299041,0.47313022788331222,0.32346677780151367
ISIC_0032248,mel,mel,True,correct_mel,0.96433883905410767,0.18875451632561605,0.097000633054538141,0.96433883905410767
ISIC_0032476,mel,mel,True,correct_mel,0.33734172582626343,1.6107369533815326,0.82775505033647201,0.33734172582626343
ISIC_0032511,mel,mel,True,correct_mel,0.38856294751167297,1.3586717111778264,0.6982191401989577,0.38856294751167297
ISIC_0032533,mel,nv,False,mel_to_nv,0.51716774702072144,1.1103921995011257,0.57062871070393006,0.27681997418403625
ISIC_0032862,mel,vasc,False,mel_to_vasc,0.90241110324859619,0.44251938768370713,0.22740997979713418,0.024982014670968056
ISIC_0032968,mel,mel,True,correct_mel,0.49373123049736023,1.2349345884230161,0.63463083792565833,0.49373123049736023
ISIC_0032976,mel,mel,True,correct_mel,0.88819789886474609,0.35934426423128585,0.18466642172853551,0.88819789886474609
ISIC_0033004,mel,nv,False,mel_to_nv,0.71095985174179077,0.68204416151650604,0.350501364026299,0.2740994393825531
ISIC_0033027,mel,mel,True,correct_mel,0.48664295673370361,0.85665353673643763,0.44023283251403966,0.48664295673370361
ISIC_0033029,mel,mel,True,correct_mel,0.54291599988937378,0.9155198222546852,0.47048411906333154,0.54291599988937378
ISIC_0033038,mel,mel,True,correct_mel,0.69120979309082031,1.0548495324062508,0.54208542615307886,0.69120979309082031
ISIC_0033073,mel,vasc,False,mel_to_vasc,0.68556934595108032,0.96039421500364597,0.49354499511187161,0.1199512705206871
ISIC_0033089,mel,mel,True,correct_mel,0.7585265040397644,0.68555879850233647,0.35230753014734867,0.7585265040397644
ISIC_0033269,mel,mel,True,correct_mel,0.87032854557037354,0.49184160477827515,0.25275658540403367,0.87032854557037354
ISIC_0033274,mel,nv,False,mel_to_nv,0.66420578956604004,0.64241288383867112,0.33013491612166429,0.3352908194065094
ISIC_0033431,mel,vasc,False,mel_to_vasc,0.77691417932510376,0.75269123378096681,0.38680677735628133,0.15343232452869415
ISIC_0033487,mel,mel,True,correct_mel,0.3814510703086853,1.3348025240588903,0.68595280450482299,0.3814510703086853
ISIC_0033533,mel,mel,True,correct_mel,0.95273500680923462,0.25983715311595007,0.13352988227236184,0.95273500680923462
ISIC_0033562,mel,mel,True,correct_mel,0.8681032657623291,0.49056217190705276,0.25209908697233913,0.8681032657623291
ISIC_0033696,mel,vasc,False,mel_to_vasc,0.70846545696258545,1.0167683089942345,0.52251554856623161,0.10607808828353882
ISIC_0033807,mel,mel,True,correct_mel,0.90442830324172974,0.39190987340368977,0.20140183430049502,0.90442830324172974
ISIC_0033925,mel,mel,True,correct_mel,0.54849720001220703,1.1020954496212143,0.56636502469358718,0.54849720001220703
ISIC_0033931,mel,mel,True,correct_mel,0.91967374086380005,0.38706239300462764,0.19891072215874714,0.91967374086380005
ISIC_0033980,mel,nv,False,mel_to_nv,0.83694052696228027,0.47270198954931819,0.24292076886427785,0.1581805944442749
ISIC_0033986,mel,nv,False,mel_to_nv,0.77861988544464111,0.55121925358118418,0.28327066069766182,0.21791073679924011
ISIC_0033995,mel,nv,False,mel_to_nv,0.54721486568450928,0.80177103573788477,0.41202880622577714,0.42867577075958252
ISIC_0034132,mel,mel,True,correct_mel,0.59137797355651855,1.0516870045268669,0.54046020831816544,0.59137797355651855
ISIC_0034253,mel,mel,True,correct_mel,0.98036092519760132,0.11230002949172667,0.057710799003872451,0.98036092519760132
