method,target_coverage,repetition,retained,reviewed,actual_coverage,retained_accuracy,retained_risk,retained_macro_f1,retained_mel_true_count,retained_mel_true_positives,retained_mel_recall,total_mel_true_count,total_mel_false_negatives,mel_false_negatives_reviewed,mel_false_negatives_retained,total_errors,errors_reviewed,fraction_total_errors_reviewed
entropy,1,,986,0,1,0.82961460446247459,0.17038539553752535,0.67125379906871108,107,70,0.65420560747663548,107,37,0,37,168,0,0
entropy,0.90000000000000002,,888,98,0.90060851926977692,0.86936936936936937,0.13063063063063063,0.73851236556917998,96,65,0.67708333333333337,107,37,6,31,168,52,0.30952380952380953
entropy,0.80000000000000004,,789,197,0.80020283975659234,0.90874524714828897,0.09125475285171103,0.7997531642503598,78,56,0.71794871794871795,107,37,15,22,168,96,0.5714285714285714
entropy,0.69999999999999996,,691,295,0.70081135902636915,0.9290882778581766,0.070911722141823438,0.82748059960020481,64,45,0.703125,107,37,18,19,168,119,0.70833333333333337
entropy,0.59999999999999998,,592,394,0.60040567951318458,0.95608108108108103,0.043918918918918921,0.85606724594944328,38,27,0.71052631578947367,107,37,26,11,168,142,0.84523809523809523
entropy,0.5,,493,493,0.5,0.96754563894523327,0.032454361054766734,0.86973218338985703,28,21,0.75,107,37,30,7,168,152,0.90476190476190477
maximum_softmax_confidence,1,,986,0,1,0.82961460446247459,0.17038539553752535,0.67125379906871108,107,70,0.65420560747663548,107,37,0,37,168,0,0
maximum_softmax_confidence,0.90000000000000002,,888,98,0.90060851926977692,0.86599099099099097,0.134009009009009,0.71935330771468375,92,60,0.65217391304347827,107,37,5,32,168,49,0.29166666666666669
maximum_softmax_confidence,0.80000000000000004,,789,197,0.80020283975659234,0.90367553865652728,0.09632446134347275,0.75807098211061352,70,47,0.67142857142857137,107,37,14,23,168,92,0.54761904761904767
maximum_softmax_confidence,0.69999999999999996,,691,295,0.70081135902636915,0.93921852387843707,0.060781476121562955,0.835001035207662,54,37,0.68518518518518523,107,37,20,17,168,126,0.75
maximum_softmax_confidence,0.59999999999999998,,592,394,0.60040567951318458,0.95270270270270274,0.0472972972972973,0.84701601128653325,41,30,0.73170731707317072,107,37,26,11,168,140,0.83333333333333337
maximum_softmax_confidence,0.5,,493,493,0.5,0.9634888438133874,0.036511156186612576,0.84118315091805784,28,23,0.8214285714285714,107,37,32,5,168,150,0.8928571428571429
random_review_mean,1,mean_of_500_seed_42,986,0,1,0.82961460446247426,0.17038539553752541,0.67125379906871108,107,70,0.65420560747663548,107,37,0,37,168,0,0
random_review_mean,0.90000000000000002,mean_of_500_seed_42,888,98,0.90060851926977692,0.82950900900900915,0.17049099099099102,0.67054835545869851,96.388000000000005,63.020000000000003,0.6538324881022527,107,37,3.6320000000000001,33.368000000000002,168,16.603999999999999,0.098833333333333329
random_review_mean,0.80000000000000004,mean_of_500_seed_42,789,197,0.80020283975659234,0.8297338403041824,0.17026615969581749,0.66968500107916473,85.766000000000005,56.161999999999999,0.65489745336148408,107,37,7.3959999999999999,29.603999999999999,168,33.659999999999997,0.2003571428571429
random_review_mean,0.69999999999999996,mean_of_500_seed_42,691,295,0.70081135902636915,0.82967872648335739,0.17032127351664256,0.66831235949781154,75.174000000000007,49.154000000000003,0.65381988774956634,107,37,10.98,26.02,168,50.308,0.29945238095238097
random_review_mean,0.59999999999999998,mean_of_500_seed_42,592,394,0.60040567951318458,0.82930743243243255,0.17069256756756757,0.66608647260488374,64.420000000000002,42.176000000000002,0.65459330683327499,107,37,14.756,22.244,168,66.950000000000003,0.39851190476190468
random_review_mean,0.5,mean_of_500_seed_42,493,493,0.5,0.82882352941176463,0.17117647058823529,0.66269734665870317,53.740000000000002,35.310000000000002,0.65682078604380301,107,37,18.57,18.43,168,83.609999999999999,0.49767857142857141
