image_id,split,true_label,predicted_label,correct,selection_reason,saved_probabilities,reproduced_probabilities,saved_confidence,reproduced_confidence,max_abs_probability_difference,predicted_gradcam_target,true_gradcam_target,true_equals_predicted,true_map_reused,target_layer,checkpoint_sha256,split_sha256,selected_epoch,runtime,gpu,generated_files
ISIC_0024321,val,nv,nv,True,correctly classified nevus,"[0.00022834446281194687,0.015952587127685547,0.0006255728076212108,0.0007457936881110072,0.0004241113201715052,0.9674487709999084,0.014574727043509483]","[0.00022834446281194687,0.015952587127685547,0.0006255728076212108,0.0007457936881110072,0.0004241113201715052,0.9674487709999084,0.014574727043509483]",0.9674487709999084,0.9674487709999084,0.0,nv,nv,True,True,model.features[-1],81d567f533d08286d5e599b90512d96e92c413ad74c7f4f941d81fc7bb46de3a,f1c04c5ef5b54372c667daf0aebc29e6f24743c6c2cc094f16e2c4e679149883,15,"Python 3.13.15, PyTorch 2.11.0+cu128, torchvision 0.26.0+cu128, CUDA 12.8",Tesla T4,"[""cases/ISIC_0024321/original.png"",""cases/ISIC_0024321/predicted_gradcam.png"",""cases/ISIC_0024321/predicted_overlay.png"",""cases/ISIC_0024321/true_gradcam.png"",""cases/ISIC_0024321/true_overlay.png""]"
ISIC_0024322,val,nv,nv,True,correctly classified nevus,"[1.3462211427395232e-05,0.00030164822237566113,0.0027684932574629784,0.0014617455890402198,0.0029556918889284134,0.9914440512657166,0.001054914202541113]","[1.3462211427395232e-05,0.00030164822237566113,0.0027684932574629784,0.0014617455890402198,0.0029556918889284134,0.9914440512657166,0.001054914202541113]",0.9914440512657166,0.9914440512657166,0.0,nv,nv,True,True,model.features[-1],81d567f533d08286d5e599b90512d96e92c413ad74c7f4f941d81fc7bb46de3a,f1c04c5ef5b54372c667daf0aebc29e6f24743c6c2cc094f16e2c4e679149883,15,"Python 3.13.15, PyTorch 2.11.0+cu128, torchvision 0.26.0+cu128, CUDA 12.8",Tesla T4,"[""cases/ISIC_0024322/original.png"",""cases/ISIC_0024322/predicted_gradcam.png"",""cases/ISIC_0024322/predicted_overlay.png"",""cases/ISIC_0024322/true_gradcam.png"",""cases/ISIC_0024322/true_overlay.png""]"
ISIC_0024358,val,bkl,bkl,True,correctly classified bkl,"[0.00985803548246622,0.0001391148689435795,0.4924631714820862,0.00025888753589242697,0.38881030678749084,0.10839129984378815,7.926526450319216e-05]","[0.00985803548246622,0.0001391148689435795,0.4924631714820862,0.00025888753589242697,0.38881030678749084,0.10839129984378815,7.926526450319216e-05]",0.4924631714820862,0.4924631714820862,0.0,bkl,bkl,True,True,model.features[-1],81d567f533d08286d5e599b90512d96e92c413ad74c7f4f941d81fc7bb46de3a,f1c04c5ef5b54372c667daf0aebc29e6f24743c6c2cc094f16e2c4e679149883,15,"Python 3.13.15, PyTorch 2.11.0+cu128, torchvision 0.26.0+cu128, CUDA 12.8",Tesla T4,"[""cases/ISIC_0024358/original.png"",""cases/ISIC_0024358/predicted_gradcam.png"",""cases/ISIC_0024358/predicted_overlay.png"",""cases/ISIC_0024358/true_gradcam.png"",""cases/ISIC_0024358/true_overlay.png""]"
ISIC_0024402,val,vasc,vasc,True,correctly classified vasc,"[7.67811798141338e-06,0.000567979586776346,7.199925312306732e-05,0.00047363873454742134,0.0019317982951179147,0.0006385965971276164,0.9963082671165466]","[7.738221029285342e-06,0.0005701938644051552,7.242126594064757e-05,0.00047571747563779354,0.0019402768230065703,0.0006404605228453875,0.9962931275367737]",0.9963082671165466,0.9962931275367737,1.5139579772949219e-05,vasc,vasc,True,True,model.features[-1],81d567f533d08286d5e599b90512d96e92c413ad74c7f4f941d81fc7bb46de3a,f1c04c5ef5b54372c667daf0aebc29e6f24743c6c2cc094f16e2c4e679149883,15,"Python 3.13.15, PyTorch 2.11.0+cu128, torchvision 0.26.0+cu128, CUDA 12.8",Tesla T4,"[""cases/ISIC_0024402/original.png"",""cases/ISIC_0024402/predicted_gradcam.png"",""cases/ISIC_0024402/predicted_overlay.png"",""cases/ISIC_0024402/true_gradcam.png"",""cases/ISIC_0024402/true_overlay.png""]"
ISIC_0024406,val,nv,mel,False,melanoma false positive from nv,"[3.067555735469796e-05,0.021419353783130646,0.00018791055481415242,0.0005188377108424902,0.5080371499061584,0.4580777883529663,0.011728242971003056]","[3.067555735469796e-05,0.021419353783130646,0.00018791055481415242,0.0005188377108424902,0.5080371499061584,0.4580777883529663,0.011728242971003056]",0.5080371499061584,0.5080371499061584,0.0,mel,nv,False,False,model.features[-1],81d567f533d08286d5e599b90512d96e92c413ad74c7f4f941d81fc7bb46de3a,f1c04c5ef5b54372c667daf0aebc29e6f24743c6c2cc094f16e2c4e679149883,15,"Python 3.13.15, PyTorch 2.11.0+cu128, torchvision 0.26.0+cu128, CUDA 12.8",Tesla T4,"[""cases/ISIC_0024406/original.png"",""cases/ISIC_0024406/predicted_gradcam.png"",""cases/ISIC_0024406/predicted_overlay.png"",""cases/ISIC_0024406/true_gradcam.png"",""cases/ISIC_0024406/true_overlay.png""]"
ISIC_0024411,val,bcc,nv,False,other-class error bcc to nv,"[0.004169241525232792,0.2911469042301178,0.017725421115756035,0.008554728701710701,0.11137361079454422,0.4566984176635742,0.11033166944980621]","[0.004168570972979069,0.2911001145839691,0.01772257126867771,0.008553353138267994,0.1112334355711937,0.45662495493888855,0.11059708148241043]",0.4566984176635742,0.45662495493888855,0.00026541203260421753,nv,bcc,False,False,model.features[-1],81d567f533d08286d5e599b90512d96e92c413ad74c7f4f941d81fc7bb46de3a,f1c04c5ef5b54372c667daf0aebc29e6f24743c6c2cc094f16e2c4e679149883,15,"Python 3.13.15, PyTorch 2.11.0+cu128, torchvision 0.26.0+cu128, CUDA 12.8",Tesla T4,"[""cases/ISIC_0024411/original.png"",""cases/ISIC_0024411/predicted_gradcam.png"",""cases/ISIC_0024411/predicted_overlay.png"",""cases/ISIC_0024411/true_gradcam.png"",""cases/ISIC_0024411/true_overlay.png""]"
ISIC_0024432,val,bcc,nv,False,other-class error bcc to nv,"[0.0047554937191307545,0.0605069100856781,0.3608282506465912,0.002828564029186964,0.021375177428126335,0.5406104326248169,0.00909512024372816]","[0.004764156881719828,0.06061714142560959,0.360780268907547,0.002833717502653599,0.02137233503162861,0.5405385494232178,0.009093910455703735]",0.5406104326248169,0.5405385494232178,0.00011023133993148804,nv,bcc,False,False,model.features[-1],81d567f533d08286d5e599b90512d96e92c413ad74c7f4f941d81fc7bb46de3a,f1c04c5ef5b54372c667daf0aebc29e6f24743c6c2cc094f16e2c4e679149883,15,"Python 3.13.15, PyTorch 2.11.0+cu128, torchvision 0.26.0+cu128, CUDA 12.8",Tesla T4,"[""cases/ISIC_0024432/original.png"",""cases/ISIC_0024432/predicted_gradcam.png"",""cases/ISIC_0024432/predicted_overlay.png"",""cases/ISIC_0024432/true_gradcam.png"",""cases/ISIC_0024432/true_overlay.png""]"
ISIC_0024449,val,mel,mel,True,correctly classified melanoma,"[0.0002456735528539866,0.00029288636869750917,0.01016205083578825,0.00015830923803150654,0.9348526000976562,0.05414989963173866,0.00013862022024113685]","[0.0002456735528539866,0.00029288636869750917,0.01016205083578825,0.00015830923803150654,0.9348526000976562,0.05414989963173866,0.00013862022024113685]",0.9348526000976562,0.9348526000976562,0.0,mel,mel,True,True,model.features[-1],81d567f533d08286d5e599b90512d96e92c413ad74c7f4f941d81fc7bb46de3a,f1c04c5ef5b54372c667daf0aebc29e6f24743c6c2cc094f16e2c4e679149883,15,"Python 3.13.15, PyTorch 2.11.0+cu128, torchvision 0.26.0+cu128, CUDA 12.8",Tesla T4,"[""cases/ISIC_0024449/original.png"",""cases/ISIC_0024449/predicted_gradcam.png"",""cases/ISIC_0024449/predicted_overlay.png"",""cases/ISIC_0024449/true_gradcam.png"",""cases/ISIC_0024449/true_overlay.png""]"
ISIC_0024482,val,mel,mel,True,correctly classified melanoma,"[0.0005287567619234324,2.0223731553414837e-05,0.005688836332410574,9.387957834405825e-05,0.7726936340332031,0.2209484577178955,2.6273884941474535e-05]","[0.0005287567619234324,2.0223731553414837e-05,0.005688836332410574,9.387957834405825e-05,0.7726936340332031,0.2209484577178955,2.6273884941474535e-05]",0.7726936340332031,0.7726936340332031,0.0,mel,mel,True,True,model.features[-1],81d567f533d08286d5e599b90512d96e92c413ad74c7f4f941d81fc7bb46de3a,f1c04c5ef5b54372c667daf0aebc29e6f24743c6c2cc094f16e2c4e679149883,15,"Python 3.13.15, PyTorch 2.11.0+cu128, torchvision 0.26.0+cu128, CUDA 12.8",Tesla T4,"[""cases/ISIC_0024482/original.png"",""cases/ISIC_0024482/predicted_gradcam.png"",""cases/ISIC_0024482/predicted_overlay.png"",""cases/ISIC_0024482/true_gradcam.png"",""cases/ISIC_0024482/true_overlay.png""]"
ISIC_0024573,val,bcc,bcc,True,correctly classified bcc,"[0.030029794201254845,0.6395621299743652,0.07200255990028381,0.001324581215158105,9.651620348449796e-05,0.256395548582077,0.0005889284075237811]","[0.02997373789548874,0.6400458812713623,0.07188132405281067,0.0013255832018330693,9.64007485890761e-05,0.25608882308006287,0.0005882239202037454]",0.6395621299743652,0.6400458812713623,0.0004837512969970703,bcc,bcc,True,True,model.features[-1],81d567f533d08286d5e599b90512d96e92c413ad74c7f4f941d81fc7bb46de3a,f1c04c5ef5b54372c667daf0aebc29e6f24743c6c2cc094f16e2c4e679149883,15,"Python 3.13.15, PyTorch 2.11.0+cu128, torchvision 0.26.0+cu128, CUDA 12.8",Tesla T4,"[""cases/ISIC_0024573/original.png"",""cases/ISIC_0024573/predicted_gradcam.png"",""cases/ISIC_0024573/predicted_overlay.png"",""cases/ISIC_0024573/true_gradcam.png"",""cases/ISIC_0024573/true_overlay.png""]"
ISIC_0024595,val,bcc,bcc,True,correctly classified bcc,"[0.006067805457860231,0.8626666069030762,0.03563259169459343,0.00473947636783123,0.00020601310825441033,0.08727051317691803,0.0034170523285865784]","[0.0060577793046832085,0.8629249334335327,0.035538990050554276,0.004731645341962576,0.00020567270985338837,0.08712631464004517,0.003414739156141877]",0.8626666069030762,0.8629249334335327,0.00025832653045654297,bcc,bcc,True,True,model.features[-1],81d567f533d08286d5e599b90512d96e92c413ad74c7f4f941d81fc7bb46de3a,f1c04c5ef5b54372c667daf0aebc29e6f24743c6c2cc094f16e2c4e679149883,15,"Python 3.13.15, PyTorch 2.11.0+cu128, torchvision 0.26.0+cu128, CUDA 12.8",Tesla T4,"[""cases/ISIC_0024595/original.png"",""cases/ISIC_0024595/predicted_gradcam.png"",""cases/ISIC_0024595/predicted_overlay.png"",""cases/ISIC_0024595/true_gradcam.png"",""cases/ISIC_0024595/true_overlay.png""]"
ISIC_0024620,val,nv,mel,False,melanoma false positive from nv,"[0.0005173524259589612,0.00015747568977531046,0.0012434901436790824,0.00010676169767975807,0.6279945373535156,0.36990073323249817,7.964908581925556e-05]","[0.0005173524259589612,0.00015747568977531046,0.0012434901436790824,0.00010676169767975807,0.6279945373535156,0.36990073323249817,7.964908581925556e-05]",0.6279945373535156,0.6279945373535156,0.0,mel,nv,False,False,model.features[-1],81d567f533d08286d5e599b90512d96e92c413ad74c7f4f941d81fc7bb46de3a,f1c04c5ef5b54372c667daf0aebc29e6f24743c6c2cc094f16e2c4e679149883,15,"Python 3.13.15, PyTorch 2.11.0+cu128, torchvision 0.26.0+cu128, CUDA 12.8",Tesla T4,"[""cases/ISIC_0024620/original.png"",""cases/ISIC_0024620/predicted_gradcam.png"",""cases/ISIC_0024620/predicted_overlay.png"",""cases/ISIC_0024620/true_gradcam.png"",""cases/ISIC_0024620/true_overlay.png""]"
ISIC_0024646,val,akiec,akiec,True,correctly classified akiec,"[0.9582509994506836,0.0011564827291294932,0.03970654308795929,0.00011109271144960076,0.0004359609156381339,0.00031895580468699336,1.999578125833068e-05]","[0.9581755995750427,0.001156956423074007,0.03978103771805763,0.00011108396574854851,0.00043635250767692924,0.00031893071718513966,1.9994207832496613e-05]",0.9582509994506836,0.9581755995750427,7.539987564086914e-05,akiec,akiec,True,True,model.features[-1],81d567f533d08286d5e599b90512d96e92c413ad74c7f4f941d81fc7bb46de3a,f1c04c5ef5b54372c667daf0aebc29e6f24743c6c2cc094f16e2c4e679149883,15,"Python 3.13.15, PyTorch 2.11.0+cu128, torchvision 0.26.0+cu128, CUDA 12.8",Tesla T4,"[""cases/ISIC_0024646/original.png"",""cases/ISIC_0024646/predicted_gradcam.png"",""cases/ISIC_0024646/predicted_overlay.png"",""cases/ISIC_0024646/true_gradcam.png"",""cases/ISIC_0024646/true_overlay.png""]"
ISIC_0024760,val,bkl,bkl,True,correctly classified bkl,"[0.265270471572876,0.0072439308278262615,0.68004310131073,0.0005440560053102672,0.0058263493701815605,0.04073023423552513,0.0003417940461076796]","[0.265270471572876,0.0072439308278262615,0.68004310131073,0.0005440560053102672,0.0058263493701815605,0.04073023423552513,0.0003417940461076796]",0.68004310131073,0.68004310131073,0.0,bkl,bkl,True,True,model.features[-1],81d567f533d08286d5e599b90512d96e92c413ad74c7f4f941d81fc7bb46de3a,f1c04c5ef5b54372c667daf0aebc29e6f24743c6c2cc094f16e2c4e679149883,15,"Python 3.13.15, PyTorch 2.11.0+cu128, torchvision 0.26.0+cu128, CUDA 12.8",Tesla T4,"[""cases/ISIC_0024760/original.png"",""cases/ISIC_0024760/predicted_gradcam.png"",""cases/ISIC_0024760/predicted_overlay.png"",""cases/ISIC_0024760/true_gradcam.png"",""cases/ISIC_0024760/true_overlay.png""]"
ISIC_0024843,val,akiec,akiec,True,correctly classified akiec,"[0.3006410002708435,0.00047276291297748685,0.2446582168340683,0.007555858232080936,0.2284923791885376,0.21739113330841064,0.0007886422681622207]","[0.3007855713367462,0.00047022695071063936,0.24477586150169373,0.007515327073633671,0.22837911546230316,0.21728335320949554,0.0007905640522949398]",0.3006410002708435,0.3007855713367462,0.00014457106590270996,akiec,akiec,True,True,model.features[-1],81d567f533d08286d5e599b90512d96e92c413ad74c7f4f941d81fc7bb46de3a,f1c04c5ef5b54372c667daf0aebc29e6f24743c6c2cc094f16e2c4e679149883,15,"Python 3.13.15, PyTorch 2.11.0+cu128, torchvision 0.26.0+cu128, CUDA 12.8",Tesla T4,"[""cases/ISIC_0024843/original.png"",""cases/ISIC_0024843/predicted_gradcam.png"",""cases/ISIC_0024843/predicted_overlay.png"",""cases/ISIC_0024843/true_gradcam.png"",""cases/ISIC_0024843/true_overlay.png""]"
ISIC_0024898,val,mel,nv,False,melanoma false negative predicted nv,"[1.0658899554982781e-05,1.2078115105396137e-05,0.0010527578415349126,5.8757948863785714e-05,0.04445944353938103,0.9543052911758423,0.00010112882591784]","[1.0658899554982781e-05,1.2078115105396137e-05,0.0010527578415349126,5.8757948863785714e-05,0.04445944353938103,0.9543052911758423,0.00010112882591784]",0.9543052911758423,0.9543052911758423,0.0,nv,mel,False,False,model.features[-1],81d567f533d08286d5e599b90512d96e92c413ad74c7f4f941d81fc7bb46de3a,f1c04c5ef5b54372c667daf0aebc29e6f24743c6c2cc094f16e2c4e679149883,15,"Python 3.13.15, PyTorch 2.11.0+cu128, torchvision 0.26.0+cu128, CUDA 12.8",Tesla T4,"[""cases/ISIC_0024898/original.png"",""cases/ISIC_0024898/predicted_gradcam.png"",""cases/ISIC_0024898/predicted_overlay.png"",""cases/ISIC_0024898/true_gradcam.png"",""cases/ISIC_0024898/true_overlay.png""]"
ISIC_0025018,val,mel,nv,False,melanoma false negative predicted nv,"[0.01055905595421791,0.009474323131144047,0.045360974967479706,0.004944099113345146,0.025615928694605827,0.8955280184745789,0.008517647162079811]","[0.01055905595421791,0.009474323131144047,0.045360974967479706,0.004944099113345146,0.025615928694605827,0.8955280184745789,0.008517647162079811]",0.8955280184745789,0.8955280184745789,0.0,nv,mel,False,False,model.features[-1],81d567f533d08286d5e599b90512d96e92c413ad74c7f4f941d81fc7bb46de3a,f1c04c5ef5b54372c667daf0aebc29e6f24743c6c2cc094f16e2c4e679149883,15,"Python 3.13.15, PyTorch 2.11.0+cu128, torchvision 0.26.0+cu128, CUDA 12.8",Tesla T4,"[""cases/ISIC_0025018/original.png"",""cases/ISIC_0025018/predicted_gradcam.png"",""cases/ISIC_0025018/predicted_overlay.png"",""cases/ISIC_0025018/true_gradcam.png"",""cases/ISIC_0025018/true_overlay.png""]"
ISIC_0025275,val,bkl,nv,False,other-class error bkl to nv,"[0.002906353212893009,0.009473891928792,0.06459133327007294,0.005273014772683382,0.16719239950180054,0.7351703643798828,0.015392670407891273]","[0.002906353212893009,0.009473891928792,0.06459133327007294,0.005273014772683382,0.16719239950180054,0.7351703643798828,0.015392670407891273]",0.7351703643798828,0.7351703643798828,0.0,nv,bkl,False,False,model.features[-1],81d567f533d08286d5e599b90512d96e92c413ad74c7f4f941d81fc7bb46de3a,f1c04c5ef5b54372c667daf0aebc29e6f24743c6c2cc094f16e2c4e679149883,15,"Python 3.13.15, PyTorch 2.11.0+cu128, torchvision 0.26.0+cu128, CUDA 12.8",Tesla T4,"[""cases/ISIC_0025275/original.png"",""cases/ISIC_0025275/predicted_gradcam.png"",""cases/ISIC_0025275/predicted_overlay.png"",""cases/ISIC_0025275/true_gradcam.png"",""cases/ISIC_0025275/true_overlay.png""]"
ISIC_0025986,val,bkl,nv,False,other-class error bkl to nv,"[0.0029493351466953754,0.18131431937217712,0.04820800945162773,0.004550210665911436,0.17616544663906097,0.5495604872703552,0.03725225850939751]","[0.0029493351466953754,0.18131431937217712,0.04820800945162773,0.004550210665911436,0.17616544663906097,0.5495604872703552,0.03725225850939751]",0.5495604872703552,0.5495604872703552,0.0,nv,bkl,False,False,model.features[-1],81d567f533d08286d5e599b90512d96e92c413ad74c7f4f941d81fc7bb46de3a,f1c04c5ef5b54372c667daf0aebc29e6f24743c6c2cc094f16e2c4e679149883,15,"Python 3.13.15, PyTorch 2.11.0+cu128, torchvision 0.26.0+cu128, CUDA 12.8",Tesla T4,"[""cases/ISIC_0025986/original.png"",""cases/ISIC_0025986/predicted_gradcam.png"",""cases/ISIC_0025986/predicted_overlay.png"",""cases/ISIC_0025986/true_gradcam.png"",""cases/ISIC_0025986/true_overlay.png""]"
ISIC_0026301,val,bkl,mel,False,melanoma false positive from bkl,"[0.0004984867991879582,3.6822475522058085e-05,0.02452806569635868,4.709666609414853e-05,0.7298831343650818,0.24495819211006165,4.8213529225904495e-05]","[0.0004984867991879582,3.6822475522058085e-05,0.02452806569635868,4.709666609414853e-05,0.7298831343650818,0.24495819211006165,4.8213529225904495e-05]",0.7298831343650818,0.7298831343650818,0.0,mel,bkl,False,False,model.features[-1],81d567f533d08286d5e599b90512d96e92c413ad74c7f4f941d81fc7bb46de3a,f1c04c5ef5b54372c667daf0aebc29e6f24743c6c2cc094f16e2c4e679149883,15,"Python 3.13.15, PyTorch 2.11.0+cu128, torchvision 0.26.0+cu128, CUDA 12.8",Tesla T4,"[""cases/ISIC_0026301/original.png"",""cases/ISIC_0026301/predicted_gradcam.png"",""cases/ISIC_0026301/predicted_overlay.png"",""cases/ISIC_0026301/true_gradcam.png"",""cases/ISIC_0026301/true_overlay.png""]"
ISIC_0026393,val,vasc,vasc,True,correctly classified vasc,"[4.211687155475374e-06,0.0006468038191087544,4.79186128359288e-05,0.0004031814751215279,0.0012066198978573084,0.0003350662300363183,0.9973562955856323]","[4.2116867007280234e-06,0.000646487926132977,4.782510586665012e-05,0.000403181416913867,0.0012069144286215305,0.00033522979356348515,0.9973561763763428]",0.9973562955856323,0.9973561763763428,3.158929757773876e-07,vasc,vasc,True,True,model.features[-1],81d567f533d08286d5e599b90512d96e92c413ad74c7f4f941d81fc7bb46de3a,f1c04c5ef5b54372c667daf0aebc29e6f24743c6c2cc094f16e2c4e679149883,15,"Python 3.13.15, PyTorch 2.11.0+cu128, torchvision 0.26.0+cu128, CUDA 12.8",Tesla T4,"[""cases/ISIC_0026393/original.png"",""cases/ISIC_0026393/predicted_gradcam.png"",""cases/ISIC_0026393/predicted_overlay.png"",""cases/ISIC_0026393/true_gradcam.png"",""cases/ISIC_0026393/true_overlay.png""]"
ISIC_0026675,val,bkl,mel,False,melanoma false positive from bkl,"[0.013862119987607002,0.0050205267034471035,0.22569826245307922,0.000269214651780203,0.6141108870506287,0.14082518219947815,0.00021379980898927897]","[0.013862119987607002,0.0050205267034471035,0.22569826245307922,0.000269214651780203,0.6141108870506287,0.14082518219947815,0.00021379980898927897]",0.6141108870506287,0.6141108870506287,0.0,mel,bkl,False,False,model.features[-1],81d567f533d08286d5e599b90512d96e92c413ad74c7f4f941d81fc7bb46de3a,f1c04c5ef5b54372c667daf0aebc29e6f24743c6c2cc094f16e2c4e679149883,15,"Python 3.13.15, PyTorch 2.11.0+cu128, torchvision 0.26.0+cu128, CUDA 12.8",Tesla T4,"[""cases/ISIC_0026675/original.png"",""cases/ISIC_0026675/predicted_gradcam.png"",""cases/ISIC_0026675/predicted_overlay.png"",""cases/ISIC_0026675/true_gradcam.png"",""cases/ISIC_0026675/true_overlay.png""]"
ISIC_0028651,val,df,df,True,correctly classified df,"[3.0204118957044557e-06,2.016262624238152e-05,1.0876920896407682e-05,0.9969186782836914,0.001015010173432529,0.0018327931175008416,0.00019950172281824052]","[3.0204118957044557e-06,2.016262624238152e-05,1.0876920896407682e-05,0.9969186782836914,0.001015010173432529,0.0018327931175008416,0.00019950172281824052]",0.9969186782836914,0.9969186782836914,0.0,df,df,True,True,model.features[-1],81d567f533d08286d5e599b90512d96e92c413ad74c7f4f941d81fc7bb46de3a,f1c04c5ef5b54372c667daf0aebc29e6f24743c6c2cc094f16e2c4e679149883,15,"Python 3.13.15, PyTorch 2.11.0+cu128, torchvision 0.26.0+cu128, CUDA 12.8",Tesla T4,"[""cases/ISIC_0028651/original.png"",""cases/ISIC_0028651/predicted_gradcam.png"",""cases/ISIC_0028651/predicted_overlay.png"",""cases/ISIC_0028651/true_gradcam.png"",""cases/ISIC_0028651/true_overlay.png""]"
ISIC_0029130,val,df,df,True,correctly classified df,"[5.420873094408307e-06,6.864997885713819e-07,0.0001364342460874468,0.9997463822364807,6.357186794048175e-05,4.330992669565603e-05,4.23830397267011e-06]","[5.420873094408307e-06,6.864997885713819e-07,0.0001364342460874468,0.9997463822364807,6.357186794048175e-05,4.330992669565603e-05,4.23830397267011e-06]",0.9997463822364807,0.9997463822364807,0.0,df,df,True,True,model.features[-1],81d567f533d08286d5e599b90512d96e92c413ad74c7f4f941d81fc7bb46de3a,f1c04c5ef5b54372c667daf0aebc29e6f24743c6c2cc094f16e2c4e679149883,15,"Python 3.13.15, PyTorch 2.11.0+cu128, torchvision 0.26.0+cu128, CUDA 12.8",Tesla T4,"[""cases/ISIC_0029130/original.png"",""cases/ISIC_0029130/predicted_gradcam.png"",""cases/ISIC_0029130/predicted_overlay.png"",""cases/ISIC_0029130/true_gradcam.png"",""cases/ISIC_0029130/true_overlay.png""]"
