image_id,true_class,predicted_class,correct,case_category,saved_confidence,p_mel,saved_class_probabilities,predicted_gradcam_heatmap_path,predicted_gradcam_overlay_path,true_gradcam_heatmap_path,true_gradcam_overlay_path,true_map_reused,qualitative_lesion_attention,qualitative_border_attention,qualitative_background_attention,predicted_vs_true_map_difference,qualitative_interpretation,limitation
IMD065,mel,mel,True,correct melanoma,0.4163353741168976,0.4163353741168976,"[0.0009470092481933534,0.0005343458615243435,0.21202123165130615,0.0009656873880885541,0.4163353741168976,0.3688527047634125,0.0003436545666772872]",analysis/domain_shift_exp5/gradcam_comparison/ph2_cases/IMD065/predicted_heatmap.png,analysis/domain_shift_exp5/gradcam_comparison/ph2_cases/IMD065/predicted_overlay.png,analysis/domain_shift_exp5/gradcam_comparison/ph2_cases/IMD065/true_heatmap.png,analysis/domain_shift_exp5/gradcam_comparison/ph2_cases/IMD065/true_overlay.png,True,NEEDS_HUMAN_REVIEW,NEEDS_HUMAN_REVIEW,NEEDS_HUMAN_REVIEW,NEEDS_HUMAN_REVIEW,NEEDS_HUMAN_REVIEW,Stage 2 review CSV records visual categories as UNCERTAIN; no lesion masks or automated localization ground truth; Grad-CAM is not causal evidence.
IMD168,mel,mel,True,correct melanoma,0.39903783798217773,0.39903783798217773,"[0.0016564574325457215,0.175442174077034,0.10959809273481369,0.009131340309977531,0.39903783798217773,0.1843225061893463,0.1208115741610527]",analysis/domain_shift_exp5/gradcam_comparison/ph2_cases/IMD168/predicted_heatmap.png,analysis/domain_shift_exp5/gradcam_comparison/ph2_cases/IMD168/predicted_overlay.png,analysis/domain_shift_exp5/gradcam_comparison/ph2_cases/IMD168/true_heatmap.png,analysis/domain_shift_exp5/gradcam_comparison/ph2_cases/IMD168/true_overlay.png,True,NEEDS_HUMAN_REVIEW,NEEDS_HUMAN_REVIEW,NEEDS_HUMAN_REVIEW,NEEDS_HUMAN_REVIEW,NEEDS_HUMAN_REVIEW,Stage 2 review CSV records visual categories as UNCERTAIN; no lesion masks or automated localization ground truth; Grad-CAM is not causal evidence.
IMD061,mel,nv,False,melanoma to nv,0.8214719891548157,0.12646986544132233,"[0.001674953382462263,0.0011534281075000763,0.03263116255402565,0.012719408608973026,0.12646986544132233,0.8214719891548157,0.0038792004343122244]",analysis/domain_shift_exp5/gradcam_comparison/ph2_cases/IMD061/predicted_heatmap.png,analysis/domain_shift_exp5/gradcam_comparison/ph2_cases/IMD061/predicted_overlay.png,analysis/domain_shift_exp5/gradcam_comparison/ph2_cases/IMD061/true_heatmap.png,analysis/domain_shift_exp5/gradcam_comparison/ph2_cases/IMD061/true_overlay.png,False,NEEDS_HUMAN_REVIEW,NEEDS_HUMAN_REVIEW,NEEDS_HUMAN_REVIEW,NEEDS_HUMAN_REVIEW,NEEDS_HUMAN_REVIEW,Stage 2 review CSV records visual categories as UNCERTAIN; no lesion masks or automated localization ground truth; Grad-CAM is not causal evidence.
IMD063,mel,nv,False,melanoma to nv,0.5247329473495483,0.10192301124334335,"[0.0003604819066822529,2.1733347239205614e-05,0.3720913827419281,0.0003777817764785141,0.10192301124334335,0.5247329473495483,0.0004927202826365829]",analysis/domain_shift_exp5/gradcam_comparison/ph2_cases/IMD063/predicted_heatmap.png,analysis/domain_shift_exp5/gradcam_comparison/ph2_cases/IMD063/predicted_overlay.png,analysis/domain_shift_exp5/gradcam_comparison/ph2_cases/IMD063/true_heatmap.png,analysis/domain_shift_exp5/gradcam_comparison/ph2_cases/IMD063/true_overlay.png,False,NEEDS_HUMAN_REVIEW,NEEDS_HUMAN_REVIEW,NEEDS_HUMAN_REVIEW,NEEDS_HUMAN_REVIEW,NEEDS_HUMAN_REVIEW,Stage 2 review CSV records visual categories as UNCERTAIN; no lesion masks or automated localization ground truth; Grad-CAM is not causal evidence.
IMD058,mel,bkl,False,melanoma to other,0.5199820399284363,0.09892584383487701,"[0.006233676336705685,0.05058808997273445,0.5199820399284363,0.025913676247000694,0.09892584383487701,0.2591122090816498,0.03924444317817688]",analysis/domain_shift_exp5/gradcam_comparison/ph2_cases/IMD058/predicted_heatmap.png,analysis/domain_shift_exp5/gradcam_comparison/ph2_cases/IMD058/predicted_overlay.png,analysis/domain_shift_exp5/gradcam_comparison/ph2_cases/IMD058/true_heatmap.png,analysis/domain_shift_exp5/gradcam_comparison/ph2_cases/IMD058/true_overlay.png,False,NEEDS_HUMAN_REVIEW,NEEDS_HUMAN_REVIEW,NEEDS_HUMAN_REVIEW,NEEDS_HUMAN_REVIEW,NEEDS_HUMAN_REVIEW,Stage 2 review CSV records visual categories as UNCERTAIN; no lesion masks or automated localization ground truth; Grad-CAM is not causal evidence.
IMD085,mel,bkl,False,melanoma to other,0.6555670499801636,0.019815750420093536,"[0.07357728481292725,0.008092756383121014,0.6555670499801636,0.004966364707797766,0.019815750420093536,0.2360435426235199,0.0019372740061953664]",analysis/domain_shift_exp5/gradcam_comparison/ph2_cases/IMD085/predicted_heatmap.png,analysis/domain_shift_exp5/gradcam_comparison/ph2_cases/IMD085/predicted_overlay.png,analysis/domain_shift_exp5/gradcam_comparison/ph2_cases/IMD085/true_heatmap.png,analysis/domain_shift_exp5/gradcam_comparison/ph2_cases/IMD085/true_overlay.png,False,NEEDS_HUMAN_REVIEW,NEEDS_HUMAN_REVIEW,NEEDS_HUMAN_REVIEW,NEEDS_HUMAN_REVIEW,NEEDS_HUMAN_REVIEW,Stage 2 review CSV records visual categories as UNCERTAIN; no lesion masks or automated localization ground truth; Grad-CAM is not causal evidence.
IMD003,nv,nv,True,correct nevus,0.8191244602203369,0.05942416191101074,"[0.013021925464272499,0.0021403522696346045,0.10192646831274033,0.0021195521112531424,0.05942416191101074,0.8191244602203369,0.0022430699318647385]",analysis/domain_shift_exp5/gradcam_comparison/ph2_cases/IMD003/predicted_heatmap.png,analysis/domain_shift_exp5/gradcam_comparison/ph2_cases/IMD003/predicted_overlay.png,analysis/domain_shift_exp5/gradcam_comparison/ph2_cases/IMD003/true_heatmap.png,analysis/domain_shift_exp5/gradcam_comparison/ph2_cases/IMD003/true_overlay.png,True,NEEDS_HUMAN_REVIEW,NEEDS_HUMAN_REVIEW,NEEDS_HUMAN_REVIEW,NEEDS_HUMAN_REVIEW,NEEDS_HUMAN_REVIEW,Stage 2 review CSV records visual categories as UNCERTAIN; no lesion masks or automated localization ground truth; Grad-CAM is not causal evidence.
IMD009,nv,nv,True,correct nevus,0.7286575436592102,0.10352238267660141,"[0.00569530064240098,0.0010412507690489292,0.139032781124115,0.02089366503059864,0.10352238267660141,0.7286575436592102,0.0011570705100893974]",analysis/domain_shift_exp5/gradcam_comparison/ph2_cases/IMD009/predicted_heatmap.png,analysis/domain_shift_exp5/gradcam_comparison/ph2_cases/IMD009/predicted_overlay.png,analysis/domain_shift_exp5/gradcam_comparison/ph2_cases/IMD009/true_heatmap.png,analysis/domain_shift_exp5/gradcam_comparison/ph2_cases/IMD009/true_overlay.png,True,NEEDS_HUMAN_REVIEW,NEEDS_HUMAN_REVIEW,NEEDS_HUMAN_REVIEW,NEEDS_HUMAN_REVIEW,NEEDS_HUMAN_REVIEW,Stage 2 review CSV records visual categories as UNCERTAIN; no lesion masks or automated localization ground truth; Grad-CAM is not causal evidence.
IMD035,nv,mel,False,nevus to melanoma,0.5851919054985046,0.5851919054985046,"[0.008106311783194542,0.00989333912730217,0.06258128583431244,0.007467884570360184,0.5851919054985046,0.3257083594799042,0.0010509287239983678]",analysis/domain_shift_exp5/gradcam_comparison/ph2_cases/IMD035/predicted_heatmap.png,analysis/domain_shift_exp5/gradcam_comparison/ph2_cases/IMD035/predicted_overlay.png,analysis/domain_shift_exp5/gradcam_comparison/ph2_cases/IMD035/true_heatmap.png,analysis/domain_shift_exp5/gradcam_comparison/ph2_cases/IMD035/true_overlay.png,False,NEEDS_HUMAN_REVIEW,NEEDS_HUMAN_REVIEW,NEEDS_HUMAN_REVIEW,NEEDS_HUMAN_REVIEW,NEEDS_HUMAN_REVIEW,Stage 2 review CSV records visual categories as UNCERTAIN; no lesion masks or automated localization ground truth; Grad-CAM is not causal evidence.
IMD045,nv,mel,False,nevus to melanoma,0.5332418084144592,0.5332418084144592,"[0.0006292589823715389,0.0007428977987729013,0.10717713087797165,0.0006243619718588889,0.5332418084144592,0.35730308294296265,0.0002814220206346363]",analysis/domain_shift_exp5/gradcam_comparison/ph2_cases/IMD045/predicted_heatmap.png,analysis/domain_shift_exp5/gradcam_comparison/ph2_cases/IMD045/predicted_overlay.png,analysis/domain_shift_exp5/gradcam_comparison/ph2_cases/IMD045/true_heatmap.png,analysis/domain_shift_exp5/gradcam_comparison/ph2_cases/IMD045/true_overlay.png,False,NEEDS_HUMAN_REVIEW,NEEDS_HUMAN_REVIEW,NEEDS_HUMAN_REVIEW,NEEDS_HUMAN_REVIEW,NEEDS_HUMAN_REVIEW,Stage 2 review CSV records visual categories as UNCERTAIN; no lesion masks or automated localization ground truth; Grad-CAM is not causal evidence.
IMD010,nv,bkl,False,nevus to other,0.7382360696792603,0.028318673372268677,"[0.006226864643394947,0.00219010841101408,0.7382360696792603,0.04042621701955795,0.028318673372268677,0.15973272919654846,0.024869410321116447]",analysis/domain_shift_exp5/gradcam_comparison/ph2_cases/IMD010/predicted_heatmap.png,analysis/domain_shift_exp5/gradcam_comparison/ph2_cases/IMD010/predicted_overlay.png,analysis/domain_shift_exp5/gradcam_comparison/ph2_cases/IMD010/true_heatmap.png,analysis/domain_shift_exp5/gradcam_comparison/ph2_cases/IMD010/true_overlay.png,False,NEEDS_HUMAN_REVIEW,NEEDS_HUMAN_REVIEW,NEEDS_HUMAN_REVIEW,NEEDS_HUMAN_REVIEW,NEEDS_HUMAN_REVIEW,Stage 2 review CSV records visual categories as UNCERTAIN; no lesion masks or automated localization ground truth; Grad-CAM is not causal evidence.
IMD020,nv,bkl,False,nevus to other,0.7517984509468079,0.017829066142439842,"[0.00010330083750886843,0.0002627595386002213,0.7517984509468079,0.00017640840087551624,0.017829066142439842,0.2292855679988861,0.0005444383714348078]",analysis/domain_shift_exp5/gradcam_comparison/ph2_cases/IMD020/predicted_heatmap.png,analysis/domain_shift_exp5/gradcam_comparison/ph2_cases/IMD020/predicted_overlay.png,analysis/domain_shift_exp5/gradcam_comparison/ph2_cases/IMD020/true_heatmap.png,analysis/domain_shift_exp5/gradcam_comparison/ph2_cases/IMD020/true_overlay.png,False,NEEDS_HUMAN_REVIEW,NEEDS_HUMAN_REVIEW,NEEDS_HUMAN_REVIEW,NEEDS_HUMAN_REVIEW,NEEDS_HUMAN_REVIEW,Stage 2 review CSV records visual categories as UNCERTAIN; no lesion masks or automated localization ground truth; Grad-CAM is not causal evidence.
