image_id,true_external_label,true_ham_label,predicted_class,p_akiec,p_bcc,p_bkl,p_df,p_mel,p_nv,p_vasc
IMD003,common nevus,nv,nv,0.016438821330666542,0.0011299299076199532,0.3816183805465698,0.004646982066333294,0.116273432970047,0.479592502117157,0.0002999869466293603
IMD009,common nevus,nv,nv,0.005040206015110016,0.0013806093484163284,0.19666649401187897,0.004491615574806929,0.1735575646162033,0.6177233457565308,0.0011401032097637653
IMD016,common nevus,nv,nv,1.3625686733576003e-05,1.2166369742772076e-05,0.036267440766096115,6.852449587313458e-05,0.046296246349811554,0.9172582030296326,8.379414066439494e-05
IMD022,common nevus,nv,nv,0.000499463640153408,7.57028756197542e-05,0.3468000292778015,0.00012603779032360762,0.2532292604446411,0.3991643786430359,0.00010510302672628313
IMD024,common nevus,nv,nv,0.00021726885461248457,0.0003028285573236644,0.07409970462322235,0.003058460308238864,0.18055519461631775,0.7411076426506042,0.0006588596734218299
IMD025,common nevus,nv,nv,3.1480765755986795e-05,6.395705895556603e-06,0.026110166683793068,0.0005355858593247831,0.23226329684257507,0.741020143032074,3.299156378488988e-05
IMD035,common nevus,nv,mel,0.005430730525404215,0.010863766074180603,0.33110159635543823,0.006088072434067726,0.4403550922870636,0.2039857655763626,0.002175013069063425
IMD038,common nevus,nv,nv,1.929027166625019e-05,3.681612724903971e-06,0.01736714132130146,2.349685200897511e-05,0.32705453038215637,0.655526876449585,4.973541308572749e-06
IMD042,common nevus,nv,nv,4.3523752538021654e-05,4.696155428973725e-06,0.023953115567564964,0.0001455235615139827,0.25501763820648193,0.7208241820335388,1.122157209465513e-05
IMD044,common nevus,nv,nv,0.0007474665762856603,0.00010852732521016151,0.3105146586894989,0.00015126500511541963,0.1950756460428238,0.4933021068572998,0.00010037136962637305
IMD045,common nevus,nv,nv,0.00012971532123629004,3.3706342946970835e-05,0.0471847765147686,0.001834024442359805,0.2774263918399811,0.6733561754226685,3.518622543197125e-05
IMD050,common nevus,nv,nv,3.7086567772348644e-06,2.3758545921737095e-06,0.002013328718021512,0.0005819204379804432,0.19142134487628937,0.8059139251708984,6.334274803521112e-05
IMD092,common nevus,nv,nv,0.000763531366828829,0.0005156230763532221,0.0848713293671608,0.0002222002949565649,0.29972192645072937,0.6137894988059998,0.000115953414933756
IMD101,common nevus,nv,nv,0.0005657669389620423,0.0002423846599413082,0.16407912969589233,0.001994099235162139,0.06319639086723328,0.7691382169723511,0.0007839569007046521
IMD103,common nevus,nv,nv,0.0006793144275434315,9.139809844782576e-05,0.16950121521949768,0.00014322882634587586,0.404236763715744,0.42529451847076416,5.352069638320245e-05
IMD112,common nevus,nv,mel,0.00216203136369586,0.00020051193132530898,0.3137471377849579,0.0012922693276777864,0.5203213691711426,0.1621352732181549,0.00014135359378997236
IMD118,common nevus,nv,nv,0.00020786002278327942,3.250507143093273e-05,0.04559210687875748,0.0007813971606083214,0.14517468214035034,0.8081393837928772,7.211564661702141e-05
IMD125,common nevus,nv,nv,0.00017342176579404622,2.222102921223268e-05,0.07275035977363586,0.0001600759569555521,0.45800384879112244,0.4688650965690613,2.4983775801956654e-05
IMD132,common nevus,nv,nv,0.0011690427782014012,0.0016198883531615138,0.27997517585754395,0.00048165200860239565,0.16046251356601715,0.5557106733322144,0.0005809831782244146
IMD134,common nevus,nv,nv,1.2962894288648386e-05,8.839924703352153e-06,0.007190028205513954,2.1921799998381175e-05,0.1633249670267105,0.8294326663017273,8.635149242763873e-06
IMD135,common nevus,nv,nv,5.014224825572455e-06,4.044811703352025e-06,0.05993109196424484,1.7501362890470773e-05,0.08805494755506516,0.8519197106361389,6.774796929676086e-05
IMD144,common nevus,nv,nv,0.0001635086809983477,6.749817111995071e-05,0.006084898952394724,0.000495833926834166,0.24556556344032288,0.7475828528404236,3.9835431380197406e-05
IMD146,common nevus,nv,nv,1.6059175322880037e-05,6.98838266544044e-06,0.012103868648409843,0.0009278972283937037,0.09066731482744217,0.8962438702583313,3.4063737984979525e-05
IMD147,common nevus,nv,nv,1.2639297892746981e-05,3.869855390803423e-06,0.016589054837822914,2.0798019249923527e-05,0.34110164642333984,0.6422598958015442,1.1966646525252145e-05
IMD150,common nevus,nv,nv,1.4407562787255301e-07,1.2543852108137798e-06,0.0048864614218473434,3.153524176013889e-06,0.021019548177719116,0.9739795327186584,0.0001098704306059517
IMD152,common nevus,nv,bkl,0.00027776049682870507,0.0016915487358346581,0.5377336144447327,0.0029084975831210613,0.0019970282446593046,0.4545893669128418,0.0008021583780646324
IMD156,common nevus,nv,nv,4.009274925920181e-05,7.957837078720331e-05,0.0028549812268465757,0.0008259927853941917,0.17941296100616455,0.8167354464530945,5.0979819206986576e-05
IMD159,common nevus,nv,nv,8.461062679998577e-05,2.7847179808304645e-05,0.028243165463209152,0.00031314100488089025,0.21073831617832184,0.7603814601898193,0.0002114683884428814
IMD161,common nevus,nv,nv,7.813349657226354e-05,4.281361907487735e-05,0.2898644804954529,7.514024036936462e-05,0.17040252685546875,0.539426863193512,0.00010997088975273073
IMD162,common nevus,nv,bkl,0.0003674748295452446,0.00019213867199141532,0.6515592336654663,0.002094120951369405,0.2098841816186905,0.1357763409614563,0.00012650078861042857
IMD175,common nevus,nv,nv,2.1675457901437767e-05,4.335364337748615e-06,0.05657758191227913,6.321193359326571e-05,0.24865879118442535,0.6946619749069214,1.2495884220697917e-05
IMD177,common nevus,nv,nv,7.967115379869938e-05,0.00010911044955719262,0.012623775750398636,0.007773485966026783,0.22137095034122467,0.7577159404754639,0.0003270185552537441
IMD182,common nevus,nv,nv,4.965625066688517e-06,1.2264227962077712e-06,0.005922556854784489,6.656921323155984e-05,0.32399284839630127,0.67000412940979,7.751231350994203e-06
IMD198,common nevus,nv,bkl,0.004841690883040428,0.0012229762505739927,0.5001756548881531,0.0008178663556464016,0.27247241139411926,0.22022433578968048,0.00024508885690011084
IMD200,common nevus,nv,bkl,0.00012602598872035742,0.00014705183275509626,0.49672162532806396,2.8175174520583823e-05,0.043487902730703354,0.45939239859580994,9.681638766778633e-05
IMD010,common nevus,nv,bkl,0.00476184394210577,0.006296108942478895,0.4074237048625946,0.011125811375677586,0.1979815810918808,0.36307859420776367,0.009332346729934216
IMD017,common nevus,nv,nv,1.8936489141196944e-05,1.1575642020034138e-05,0.00429376307874918,0.00010078259219881147,0.13971230387687683,0.8558416366577148,2.104281884385273e-05
IMD020,common nevus,nv,nv,5.495567529578693e-05,1.0674471013771836e-05,0.2287788987159729,1.0468008440511767e-05,0.11684884130954742,0.6542812585830688,1.4878040019539185e-05
IMD039,common nevus,nv,nv,0.0014057406224310398,0.0012381410924717784,0.18268288671970367,0.007987428456544876,0.11254764348268509,0.6921363472938538,0.0020018662326037884
IMD041,common nevus,nv,nv,0.00018824762082658708,1.7271995602641255e-05,0.08572090417146683,0.00022662691480945796,0.24088022112846375,0.6729314923286438,3.530166213749908e-05
IMD105,common nevus,nv,nv,0.0013794898986816406,1.5153606000239961e-05,0.21216373145580292,2.459673305565957e-05,0.3594956696033478,0.4269116520881653,9.707764547783881e-06
IMD107,common nevus,nv,nv,0.0005123437149450183,0.0003514412383083254,0.11437053978443146,0.0005083566065877676,0.15972089767456055,0.724257230758667,0.00027910099015571177
IMD108,common nevus,nv,nv,0.0005914113717153668,0.000321544794132933,0.1447136104106903,0.0016425353242084384,0.3179410696029663,0.5345349907875061,0.00025486014783382416
IMD133,common nevus,nv,nv,0.00028254391509108245,0.00020996879902668297,0.0630723088979721,0.00242654699832201,0.16682378947734833,0.7668787240982056,0.0003061000898014754
IMD142,common nevus,nv,nv,8.463423000648618e-05,2.6840214559342712e-05,0.022545700892806053,0.00041739866719581187,0.17820370197296143,0.7986535429954529,6.813846266595647e-05
IMD143,common nevus,nv,nv,0.0004659197002183646,0.001319527393206954,0.17417944967746735,0.0010216451482847333,0.1501520723104477,0.6716218590736389,0.0012395811500027776
IMD160,common nevus,nv,nv,2.640797356434632e-05,5.365105607779697e-06,0.21906057000160217,3.925194960174849e-06,0.33664727210998535,0.44424644112586975,1.0062566616397817e-05
IMD173,common nevus,nv,nv,1.5142987649596762e-05,7.3513310780981556e-06,0.018167350441217422,0.00015565089415758848,0.25875353813171387,0.7228630185127258,3.799518526648171e-05
IMD176,common nevus,nv,nv,1.6219442841247655e-05,7.721611837041564e-06,0.11553218960762024,2.1154140995349735e-05,0.19576068222522736,0.6886308789253235,3.114190622000024e-05
IMD196,common nevus,nv,nv,0.006293260958045721,0.0005133135709911585,0.3322168290615082,0.0003555619332473725,0.2847156822681427,0.3757164776325226,0.0001888375118141994
IMD197,common nevus,nv,nv,1.8087304852087982e-05,2.8014164854539558e-05,0.216606006026268,3.8359958125511184e-06,0.17817524075508118,0.6051181554794312,5.0727099733194336e-05
IMD199,common nevus,nv,nv,3.714027116075158e-05,8.909487223718315e-05,0.40497350692749023,1.2986633919354063e-05,0.08084174245595932,0.5139380693435669,0.00010746892803581432
IMD203,common nevus,nv,nv,0.001095675048418343,0.0002054695360129699,0.16975213587284088,0.00028975846362300217,0.3177587687969208,0.5107610821723938,0.0001371398102492094
IMD204,common nevus,nv,mel,0.00285241543315351,0.001535760355181992,0.09218081831932068,0.0011257828446105123,0.48252153396606445,0.419221967458725,0.0005616738926619291
IMD206,common nevus,nv,nv,0.0005582533776760101,0.0005053259083069861,0.2328188568353653,0.00020417010819073766,0.09686397016048431,0.6684410572052002,0.0006083500338718295
IMD207,common nevus,nv,bkl,0.007990913465619087,0.0008320173947140574,0.4570038318634033,0.002274948637932539,0.249928817152977,0.28155189752578735,0.00041754828998818994
IMD208,common nevus,nv,nv,4.332770549808629e-05,2.6279580197297037e-05,0.019826384261250496,0.0024158062878996134,0.19848717749118805,0.7789228558540344,0.00027815185603685677
IMD364,common nevus,nv,nv,0.00036763580283150077,0.000282979424810037,0.11847810447216034,0.0007967415731400251,0.21121005713939667,0.6686073541641235,0.00025715294759720564
IMD365,common nevus,nv,nv,0.00032362790079787374,9.235945617547259e-05,0.07965449243783951,0.000560272135771811,0.2791096866130829,0.6401374340057373,0.0001221176644321531
IMD367,common nevus,nv,mel,0.0014011242892593145,0.00012423546286299825,0.23910994827747345,0.0013072674628347158,0.4147619307041168,0.34317880868911743,0.00011670842650346458
IMD371,common nevus,nv,nv,1.1006887689291034e-05,0.00013330795627553016,0.00427090423181653,0.003134784521535039,0.0050885677337646484,0.9816192388534546,0.005742221139371395
IMD372,common nevus,nv,nv,0.0010342532768845558,0.00015660702774766833,0.10539373010396957,6.168858817545697e-05,0.2927114963531494,0.6006050109863281,3.727015064214356e-05
IMD374,common nevus,nv,nv,6.0144018789287657e-05,3.480868326732889e-05,0.02760213054716587,0.0019247708842158318,0.3246464133262634,0.6456364989280701,9.517586295260116e-05
IMD375,common nevus,nv,nv,0.0002803452662192285,0.00035786739317700267,0.01926417462527752,0.0009689920116215944,0.1842968761920929,0.794319212436676,0.0005126214236952364
IMD378,common nevus,nv,nv,1.4009434380568564e-05,3.1504441722063348e-06,0.011416968889534473,0.00013474751904141158,0.28206342458724976,0.7063428163528442,2.492578641977161e-05
IMD379,common nevus,nv,nv,1.2241486729180906e-05,2.496742581570288e-06,0.012537398375570774,6.451773515436798e-05,0.3277948200702667,0.659582257270813,6.203682914929232e-06
IMD380,common nevus,nv,nv,5.481003427121323e-06,4.2686097003752366e-06,0.006171241868287325,0.0001766100904205814,0.13573718070983887,0.8578853607177734,1.9815104678855278e-05
IMD381,common nevus,nv,nv,7.1576459959032945e-06,3.564645885489881e-05,0.003439171239733696,0.00011965196608798578,0.2470633089542389,0.7492101788520813,0.00012490533117670566
IMD383,common nevus,nv,nv,0.0002475269720889628,0.0003343875869177282,0.07234878093004227,0.00037522846832871437,0.2714462876319885,0.654992401599884,0.00025538430782034993
IMD384,common nevus,nv,nv,0.00034587079426273704,7.53864660509862e-05,0.0817081555724144,7.65736258472316e-05,0.4382726848125458,0.47947177290916443,4.963315586792305e-05
IMD385,common nevus,nv,nv,1.082329163182294e-06,1.4968069308451959e-06,0.0011122875148430467,0.00030245358357205987,0.11780331283807755,0.8807158470153809,6.352165655698627e-05
IMD389,common nevus,nv,nv,3.2101036140375072e-06,7.654506362086977e-07,0.028070513159036636,1.8800459656631574e-05,0.08663231134414673,0.8852691054344177,5.418075943453005e-06
IMD390,common nevus,nv,nv,7.337737042689696e-05,7.659902621526271e-05,0.05476738139986992,0.002537850057706237,0.17887522280216217,0.7634596824645996,0.00020985079754609615
IMD392,common nevus,nv,nv,0.00010043617658084258,0.000185453420272097,0.011467996053397655,0.0010861360933631659,0.24151304364204407,0.7453668713569641,0.0002800345828291029
IMD394,common nevus,nv,nv,1.994777994696051e-05,9.874866009340622e-06,0.0058876825496554375,0.0010880487971007824,0.19727155566215515,0.7956127524375916,0.00011017854558303952
IMD395,common nevus,nv,nv,5.825724201713456e-06,5.624471668852493e-06,0.0020972697529941797,0.009035919792950153,0.14540573954582214,0.8433149456977844,0.0001346808858215809
IMD397,common nevus,nv,nv,1.7311692772636889e-06,8.291271115012933e-06,0.005531050264835358,0.003939375746995211,0.028503479436039925,0.9606443643569946,0.0013717544497922063
IMD399,common nevus,nv,nv,7.836230361135677e-05,1.5102474208106287e-05,0.08248133212327957,0.0002640627499204129,0.381389856338501,0.5357490181922913,2.2320009520626627e-05
IMD400,common nevus,nv,nv,2.7591817342909053e-05,1.3238699466455728e-05,0.11046357452869415,0.0008491849876008928,0.10811564326286316,0.7803667187690735,0.00016414043784607202
IMD402,common nevus,nv,nv,0.00013343656610231847,0.00013395881978794932,0.09192997962236404,0.0012342707486823201,0.3067721426486969,0.5994587540626526,0.000337430858053267
IMD058,melanoma,mel,nv,1.753155083861202e-05,0.0020623065065592527,0.028103258460760117,0.2379051148891449,0.1771417111158371,0.503645122051239,0.05112503096461296
IMD061,melanoma,mel,nv,2.2523605366586708e-05,9.279846381105017e-06,0.010038402862846851,0.0009309853194281459,0.10098901391029358,0.8878828287124634,0.00012685940600931644
IMD063,melanoma,mel,nv,9.856012184172869e-06,5.816727934870869e-06,0.18935197591781616,6.313998710538726e-06,0.17997650802135468,0.6306383609771729,1.1168325727339834e-05
IMD064,melanoma,mel,nv,0.0002631775278132409,0.0026945883873850107,0.03837842866778374,0.003056352026760578,0.024827416986227036,0.9207879900932312,0.009992075152695179
IMD065,melanoma,mel,nv,2.1794485292048194e-05,1.3532503544411156e-05,0.29460057616233826,0.0002518724068067968,0.06408625096082687,0.6409581899642944,6.779053364880383e-05
IMD080,melanoma,mel,nv,1.748180147842504e-05,1.1068786989198998e-05,0.06836694478988647,0.00010099456267198548,0.14445042610168457,0.7870162725448608,3.686469062813558e-05
IMD085,melanoma,mel,nv,0.008937839418649673,0.00041154740029014647,0.30064162611961365,0.0014252630062401295,0.20027048885822296,0.48798951506614685,0.00032365877996198833
IMD088,melanoma,mel,nv,0.0005111842765472829,3.805657252087258e-05,0.34134069085121155,0.00019213810446672142,0.29310688376426697,0.36477741599082947,3.358480898896232e-05
IMD090,melanoma,mel,nv,0.00015778873057570308,0.00041007294203154743,0.23605115711688995,0.04994018003344536,0.259758323431015,0.4496995806694031,0.003982928115874529
IMD091,melanoma,mel,df,0.0002563531161285937,0.002004593377932906,0.03499847650527954,0.6152346134185791,0.005010105203837156,0.30337586998939514,0.03911995515227318
IMD168,melanoma,mel,nv,0.0006913796532899141,0.22064584493637085,0.1392955482006073,0.0035525041166692972,0.14842422306537628,0.2615121603012085,0.22587831318378448
IMD211,melanoma,mel,nv,9.813238284550607e-05,4.5635795686393976e-05,0.4125313460826874,0.00026261588209308684,0.07751233130693436,0.509408175945282,0.0001416706363670528
IMD219,melanoma,mel,mel,0.04378770664334297,0.0780409723520279,0.09935398399829865,0.012478185817599297,0.5363163352012634,0.2282021939754486,0.00182062026578933
IMD240,melanoma,mel,nv,4.2094822561011824e-07,0.0008269649697467685,0.03214199095964432,0.00023623630113434047,0.0073222327046096325,0.6500174403190613,0.30945470929145813
IMD242,melanoma,mel,bkl,0.0023390506394207478,0.0011830602306872606,0.5366209745407104,0.0001130922173615545,0.3039711117744446,0.155556783080101,0.00021587249648291618
IMD284,melanoma,mel,mel,0.0005563052836805582,0.0007471299613825977,0.03453522548079491,0.33888858556747437,0.4437239170074463,0.17893086373806,0.0026179461274296045
IMD285,melanoma,mel,nv,1.0207348168478347e-05,2.0818649772991193e-06,0.0489090234041214,4.5390159357339144e-05,0.16321037709712982,0.7878114581108093,1.147643069998594e-05
IMD348,melanoma,mel,nv,0.00011284624633844942,0.0018070731312036514,0.07896874845027924,0.01775633916258812,0.005368645302951336,0.8725289702415466,0.023457374423742294
IMD349,melanoma,mel,mel,0.00010830059909494594,4.5411710743792355e-05,0.0733126774430275,0.00027709591086022556,0.8163880109786987,0.10984061658382416,2.786827099043876e-05
IMD403,melanoma,mel,bkl,0.008414113894104958,0.0046060532331466675,0.5070163607597351,0.01078285463154316,0.09695494920015335,0.37021729350090027,0.002008309355005622
IMD404,melanoma,mel,bkl,0.002700420329347253,0.0009001217549666762,0.6249948740005493,0.0010523488745093346,0.09966414421796799,0.27038660645484924,0.00030150299426168203
IMD405,melanoma,mel,mel,0.00040960838668979704,0.00026862771483138204,0.14106814563274384,0.00022010567772667855,0.5060253739356995,0.3518854081630707,0.00012274675827939063
IMD407,melanoma,mel,nv,0.0002540176792535931,0.0002757335896603763,0.28572767972946167,0.00030283411615528166,0.22427023947238922,0.48889538645744324,0.0002741226926445961
IMD408,melanoma,mel,mel,0.0007313928217627108,0.00029666596674360335,0.1946454495191574,9.315403985965531e-06,0.5198818445205688,0.28431591391563416,0.00011939659452764317
IMD409,melanoma,mel,nv,0.0004062694788444787,0.0017407906707376242,0.07518596202135086,0.000555304519366473,0.16811563074588776,0.7475786209106445,0.006417489144951105
IMD410,melanoma,mel,mel,0.00039343920070677996,8.166788757080212e-05,0.20580661296844482,0.00011744171933969483,0.4975765347480774,0.29595819115638733,6.613667210331187e-05
IMD413,melanoma,mel,bkl,0.0013949043350294232,0.0001407008385285735,0.5427740216255188,0.00020233345276210457,0.08226735144853592,0.3730427920818329,0.00017786251555662602
IMD417,melanoma,mel,nv,0.005656579043716192,0.00789182260632515,0.36532530188560486,0.03004635125398636,0.09572050720453262,0.48872682452201843,0.006632613949477673
IMD418,melanoma,mel,nv,0.0004312948149163276,0.00012023501039948314,0.1628175675868988,0.0003249232249800116,0.05173559859395027,0.7843819260597229,0.00018841878045350313
IMD419,melanoma,mel,nv,0.0010263503063470125,0.00030517144477926195,0.3379453122615814,0.0004212132771499455,0.1869959980249405,0.47287049889564514,0.0004354336706455797
IMD406,melanoma,mel,nv,1.09696275103488e-05,6.023510286468081e-05,0.04611439257860184,0.00026995502412319183,0.06936123967170715,0.8838170170783997,0.0003661133232526481
IMD411,melanoma,mel,nv,0.00019242128473706543,0.0030247082468122244,0.026749137789011,0.11033204942941666,0.001327865174971521,0.8444205522537231,0.013953283429145813
IMD420,melanoma,mel,mel,0.00016959651838988066,0.0011818407801911235,0.2658916413784027,0.005118664354085922,0.5085310935974121,0.21786381304264069,0.0012434060918167233
IMD421,melanoma,mel,bkl,0.00014038526569493115,8.268958481494337e-05,0.49599066376686096,0.0004996569477953017,0.4516046643257141,0.051466554403305054,0.0002153199166059494
IMD423,melanoma,mel,nv,2.8972110158065334e-05,5.194413461140357e-06,0.053103893995285034,7.326390914386138e-05,0.320883572101593,0.6258102059364319,9.481054439675063e-05
IMD424,melanoma,mel,mel,0.002779581118375063,0.01460669469088316,0.09108582139015198,0.10293695330619812,0.46110618114471436,0.2668677866458893,0.06061701849102974
IMD425,melanoma,mel,mel,7.753942918498069e-05,1.1258226550125983e-05,0.31225261092185974,2.7161731850355864e-06,0.4152865409851074,0.27235156297683716,1.7711674445308745e-05
IMD426,melanoma,mel,mel,0.0016751940129324794,4.314232864999212e-05,0.19118350744247437,8.028624870348722e-05,0.5786255598068237,0.22837023437023163,2.212118670286145e-05
IMD429,melanoma,mel,nv,3.6360030208015814e-05,1.727619383018464e-05,0.010900839231908321,6.913409742992371e-05,0.3491971790790558,0.6397678852081299,1.1285832442808896e-05
IMD435,melanoma,mel,mel,6.572566780960187e-05,2.9682796593988314e-05,0.15468735992908478,2.188018726201335e-07,0.7350950837135315,0.11011908203363419,2.8485712846304523e-06
