feature,true_class,images,lesions,errors,error_rate,feature_median_all,feature_q1,feature_q3,median_correct,median_error,median_error_minus_correct,rank_biserial_error_higher,rank_biserial_ci_low,rank_biserial_ci_high,bootstrap_valid,adjusted_error_OR_per_SD,adjusted_OR_ci_low,adjusted_OR_ci_high
raw_brightness,ALL,986,743,168,0.17038539553752535,158.42984444444446,144.56126296296296,171.2198212962963,157.86027407407408,159.33529074074073,1.4750166666666473,0.08128129002212137,-0.026168894612182917,0.17868561484396686,400,1.1578712267313378,0.9343572976648175,1.415601710385828
raw_brightness,akiec,30,22,15,0.5,168.67646296296294,150.3069861111111,172.77467870370373,171.0753222222222,166.20993703703704,-4.8653851851851755,-0.10222222222222221,-0.5272960372960372,0.24463585434173654,400,,,
raw_brightness,bcc,58,32,22,0.3793103448275862,167.50326851851852,161.5524537037037,183.14233240740742,167.99125925925927,167.06213333333335,-0.9291259259259164,0.08333333333333348,-0.2587818718390424,0.391402691511387,400,,,
raw_brightness,bkl,104,72,49,0.47115384615384615,156.3098222222222,145.25379074074075,168.47961759259258,153.1670259259259,158.9686,5.801574074074097,0.24081632653061225,-0.01105644638807907,0.46666979949874676,400,,,
raw_brightness,df,9,7,4,0.4444444444444444,165.96203703703705,157.35969259259258,166.48015185185184,166.2570074074074,164.60452037037038,-1.6524870370370195,0.0,-0.7777777777777777,1.0,392,,,
raw_brightness,mel,107,61,37,0.34579439252336447,151.2643111111111,141.4143296296296,165.2485388888889,150.42922407407409,152.01442962962963,1.5852055555555467,0.061776061776061875,-0.19181727574750837,0.31245169946332757,400,,,
raw_brightness,nv,663,540,38,0.05731523378582202,157.78988148148147,143.36537407407408,170.3413259259259,157.78988148148147,157.8801648148148,0.09028333333333194,-0.06922105263157885,-0.2557423106622966,0.14915206921262644,400,,,
raw_brightness,vasc,15,9,3,0.2,175.78765555555557,156.77817407407406,185.9824722222222,173.65049259259257,185.81172962962964,12.161237037037068,0.6111111111111112,0.016666666666666614,1.0,387,,,
raw_contrast,ALL,986,743,168,0.17038539553752535,26.42363674990376,20.181741472222924,34.186936988221134,26.538294134676704,25.97608750823724,-0.5622066264394654,-0.000800442426359238,-0.12629365052373345,0.11927143207685054,400,1.2772719074730123,1.0049566417636615,1.614429385695586
raw_contrast,akiec,30,22,15,0.5,20.460199494352416,18.090550785096273,26.68237506326296,19.78557225511388,22.798995759427545,3.013423504313664,0.30666666666666664,-0.11138888888888893,0.6484890109890108,400,,,
raw_contrast,bcc,58,32,22,0.3793103448275862,20.549897274079427,15.254862206495877,27.05162775821223,18.665815858382217,25.011950353918856,6.3461344955366386,0.23989898989898983,-0.1363999236058059,0.603663961038961,400,,,
raw_contrast,bkl,104,72,49,0.47115384615384615,22.215098595267982,17.508322271919003,29.21961370446897,23.206540624562095,21.77232524160715,-1.434215382954946,-0.12059369202226344,-0.365884512030032,0.13389971412235555,400,,,
raw_contrast,df,9,7,4,0.4444444444444444,19.560209147706036,15.41603214724074,22.923059610597093,20.02593690380173,15.380332233395858,-4.64560467040587,-0.6,-1.0,0.7142857142857142,388,,,
raw_contrast,mel,107,61,37,0.34579439252336447,31.605500107363326,24.24372731160987,40.92710300222916,31.459404865259035,33.18825298915414,1.7288481238951015,-0.009266409266409203,-0.27759103641456573,0.22223543575287746,400,,,
raw_contrast,nv,663,540,38,0.05731523378582202,27.254697423445496,20.938613998156534,34.680040561218675,27.069790913282542,32.5493905151487,5.479599601866159,0.30408421052631573,0.0976970382423605,0.5088845281193659,400,,,
raw_contrast,vasc,15,9,3,0.2,22.78894128482669,18.13173725661476,30.39441623268327,22.394073800457026,31.131944535031717,8.737870734574692,0.4444444444444444,-0.29761904761904767,1.0,391,,,
raw_sharpness,ALL,986,743,168,0.17038539553752535,52.25570798131002,35.227233461303165,94.09017037066872,51.90958510085048,52.765886715054876,0.8563016142043978,-0.012545115845849386,-0.1148428647559884,0.10020218845168151,400,1.2025571864889448,0.6226409866408005,1.5337477483644382
raw_sharpness,akiec,30,22,15,0.5,50.10504593563099,30.718196477746915,76.65676821810698,49.87807769644718,59.36402864148148,9.485950945034304,-0.01333333333333342,-0.46703703703703703,0.4794602272727271,400,,,
raw_sharpness,bcc,58,32,22,0.3793103448275862,41.29142549903978,30.904292955737308,63.53985856653291,45.23403053519205,37.285166465294935,-7.9488640698971125,0.002525252525252597,-0.34535714285714286,0.3121967404576097,400,,,
raw_sharpness,bkl,104,72,49,0.47115384615384615,65.60231702116597,44.70272450983197,107.98633780085392,87.72050888554182,51.00691314401921,-36.71359574152261,-0.33061224489795915,-0.5150445746095047,-0.0652517637122417,400,,,
raw_sharpness,df,9,7,4,0.4444444444444444,90.67913952257886,85.24338312010974,117.87772572839503,89.96269526644718,104.27843262548694,14.315737359039758,0.09999999999999987,-1.0,1.0,395,,,
raw_sharpness,mel,107,61,37,0.34579439252336447,81.12310461331961,50.58413815603568,126.39262333974621,91.88912055318247,53.75103683950617,-38.138083713676295,-0.43243243243243235,-0.661301427083691,-0.21490094854360792,400,,,
raw_sharpness,nv,663,540,38,0.05731523378582202,48.87708842796982,34.885377764060365,90.665012938155,48.13909529629629,67.39331955340879,19.254224257112497,0.184757894736842,-0.06002848540979796,0.42693149635880245,400,,,
raw_sharpness,vasc,15,9,3,0.2,39.021054771138544,31.351564741282576,50.17431449612483,36.993206819307275,44.03361982990399,7.0404130105967155,-0.05555555555555547,-1.0,0.6923076923076923,391,,,
raw_saturation,ALL,986,743,168,0.17038539553752535,0.30145722585330426,0.20987217138707326,0.4027528140885983,0.33071848220769784,0.2384268554829339,-0.09229162672476393,-0.3782599837000815,-0.4689961346563987,-0.29406873604693834,400,0.5726570543228695,0.4404080272316888,0.7105870940818613
raw_saturation,akiec,30,22,15,0.5,0.2807142774146696,0.23807383805374,0.3181801924473493,0.2792714742193173,0.3066673638344226,0.027395889615105307,0.18222222222222206,-0.22841008771929816,0.6091031149301823,400,,,
raw_saturation,bcc,58,32,22,0.3793103448275862,0.23618163398692804,0.17694726216412487,0.26783302832244005,0.24217271604938265,0.2082960130718954,-0.03387670297748724,-0.18181818181818177,-0.46791716770883446,0.16220075757575697,400,,,
raw_saturation,bkl,104,72,49,0.47115384615384615,0.23403964415395784,0.1868697022512708,0.285929655047204,0.2603273783587509,0.2087468409586056,-0.051580537400145315,-0.38107606679035255,-0.5983378775023819,-0.09848609938393227,400,,,
raw_saturation,df,9,7,4,0.4444444444444444,0.3641014233841685,0.2806309368191721,0.3921128976034858,0.3362276397966594,0.37331124183006537,0.03708360203340594,0.10000000000000009,-1.0,1.0,395,,,
raw_saturation,mel,107,61,37,0.34579439252336447,0.2604528395061728,0.21784032679738555,0.3204991067538126,0.2512547639796659,0.278451982570806,0.027197218591140104,0.1034749034749034,-0.17879399472399715,0.36179145408163244,400,,,
raw_saturation,nv,663,540,38,0.05731523378582202,0.3620239651416122,0.2250490849673202,0.43174485112563543,0.3681013217138707,0.23579246913580246,-0.13230885257806826,-0.4606315789473684,-0.568970369564429,-0.3443117556999809,400,,,
raw_saturation,vasc,15,9,3,0.2,0.2243128395061728,0.1803897530864197,0.24269597676107474,0.2318966594045025,0.1835453159041394,-0.0483513435003631,-0.5,-0.8181818181818181,-0.1240530303030303,391,,,
raw_dark_pixel_ratio,ALL,986,743,168,0.17038539553752535,0.0,0.0,0.0002777777777777,0.0,3.518518518518518e-05,3.518518518518518e-05,0.2583755384794504,0.1649178559322525,0.3314770703642328,400,1.1783380912753152,0.9859421601632442,1.683534566933905
raw_dark_pixel_ratio,akiec,30,22,15,0.5,3.7037037037037033e-06,0.0,0.00036481481481475,0.0,0.0001185185185185,0.0001185185185185,0.3333333333333335,-0.004816468253968345,0.6608630952380949,400,,,
raw_dark_pixel_ratio,bcc,58,32,22,0.3793103448275862,5.555555555555556e-06,0.0,0.000478703703703625,0.0,0.00027222222222215,0.00027222222222215,0.3257575757575757,0.07659066808059382,0.6090327380952378,400,,,
raw_dark_pixel_ratio,bkl,104,72,49,0.47115384615384615,0.0,0.0,0.0006768518518517999,0.0,3.703703703703704e-06,3.703703703703704e-06,0.005565862708719838,-0.20125712250712244,0.23714761570827483,400,,,
raw_dark_pixel_ratio,df,9,7,4,0.4444444444444444,0.0,0.0,8.148148148148148e-05,0.0,4.074074074074074e-05,4.074074074074074e-05,0.20000000000000018,-0.36116071428571433,0.8934343434343427,392,,,
raw_dark_pixel_ratio,mel,107,61,37,0.34579439252336447,0.0003407407407407,0.0,0.003387037037037,0.0007629629629629,3.703703703703704e-06,-0.0007592592592591963,-0.26833976833976836,-0.48149867732392754,-0.03922662306201548,400,,,
raw_dark_pixel_ratio,nv,663,540,38,0.05731523378582202,0.0,0.0,3.3333333333333335e-05,0.0,0.000587037037037,0.000587037037037,0.4937263157894738,0.31570756047984333,0.6634578122408802,400,,,
raw_dark_pixel_ratio,vasc,15,9,3,0.2,0.0,0.0,3.7037037037037033e-06,0.0,0.0,0.0,-0.33333333333333326,-0.5454545454545454,-0.09795454545454575,392,,,
raw_bright_pixel_ratio,ALL,986,743,168,0.17038539553752535,0.0,0.0,3.703703703703704e-06,0.0,0.0,0.0,0.22312696472231952,0.13841899006770092,0.3220206501992176,400,1.2407037822557847,1.1277045567991066,1.60872341363803
raw_bright_pixel_ratio,akiec,30,22,15,0.5,0.0,0.0,1.1111111111111112e-05,0.0,3.703703703703704e-06,3.703703703703704e-06,0.2533333333333334,-0.21212121212121204,0.6300238095238097,400,,,
raw_bright_pixel_ratio,bcc,58,32,22,0.3793103448275862,0.0,0.0,5.7407407407407406e-05,0.0,1.851851851851852e-06,1.851851851851852e-06,0.14267676767676774,-0.18661100165744127,0.4728886168910648,400,,,
raw_bright_pixel_ratio,bkl,104,72,49,0.47115384615384615,0.0,0.0,7.407407407407407e-06,0.0,0.0,0.0,0.04415584415584406,-0.1611149940262844,0.25650232919254645,400,,,
raw_bright_pixel_ratio,df,9,7,4,0.4444444444444444,1.1111111111111112e-05,0.0,8.888888888888889e-05,3.703703703703704e-06,0.0004796296296296056,0.0004759259259259019,0.3999999999999999,-0.7025,1.0,394,,,
raw_bright_pixel_ratio,mel,107,61,37,0.34579439252336447,0.0,0.0,4.4444444444444447e-05,0.0,0.0,0.0,-0.09768339768339762,-0.3041696630575306,0.14713099680170558,400,,,
raw_bright_pixel_ratio,nv,663,540,38,0.05731523378582202,0.0,0.0,0.0,0.0,5.555555555555556e-06,5.555555555555556e-06,0.38787368421052637,0.22765790527877966,0.5689277392725847,400,,,
raw_bright_pixel_ratio,vasc,15,9,3,0.2,7.407407407407407e-06,0.0,3.148148148148148e-05,0.0,5.555555555555556e-05,5.555555555555556e-05,0.7222222222222221,0.34181818181818185,1.0,389,,,
raw_entropy,ALL,986,743,168,0.17038539553752535,6.176409306520862,5.790256752530266,6.557858146881431,6.147400022470927,6.307860855575795,0.16046083310486825,0.1533211083944579,0.036639407265144114,0.2601578596220304,400,1.1925892038869825,0.9297858321125958,1.5632177922636705
raw_entropy,akiec,30,22,15,0.5,6.265609139760505,6.087633005946151,6.493084442463886,6.2661171093760935,6.215946911907286,-0.05017019746880713,0.11111111111111116,-0.336766180156273,0.5669230769230766,400,,,
raw_entropy,bcc,58,32,22,0.3793103448275862,6.054518148795576,5.739079634228084,6.407364040231473,6.045234049741192,6.256206261130645,0.21097221138945255,0.08333333333333326,-0.29511885749385763,0.4184466374269004,400,,,
raw_entropy,bkl,104,72,49,0.47115384615384615,6.211954274600625,5.801753680980325,6.560531235879455,6.321131941344422,6.163045052432093,-0.15808688891232947,-0.21261595547309842,-0.421515293462298,0.03862126245847148,400,,,
raw_entropy,df,9,7,4,0.4444444444444444,6.225527458205283,5.868861273012232,6.282750573563508,6.266519595445061,5.867632941314232,-0.3988866541308287,-0.6,-1.0,0.7142857142857142,392,,,
raw_entropy,mel,107,61,37,0.34579439252336447,6.495980029791896,6.157312760683272,6.927460874716445,6.504000646373697,6.4832605201271045,-0.020740126246592716,-0.13590733590733584,-0.38648066875653087,0.102879270155132,400,,,
raw_entropy,nv,663,540,38,0.05731523378582202,6.099236080374448,5.741211050363505,6.511025272976762,6.085322892014808,6.582071096079485,0.49674820406467646,0.4707368421052631,0.2925879613873511,0.6475058519484332,400,,,
raw_entropy,vasc,15,9,3,0.2,5.730461669454725,5.598906846756517,6.180003976485774,5.726073863930868,6.045914080120881,0.31984021619001357,0.33333333333333326,-0.27824675324675324,0.9233333333333349,384,,,
raw_illumination_variation,ALL,986,743,168,0.17038539553752535,0.15643860149622402,0.11468160432608959,0.20952062650020803,0.15876075709974152,0.14191936334504374,-0.016841393754697787,-0.04905984398649421,-0.152181654980147,0.054692743645476535,400,1.1841364579089397,0.9618614872887077,1.458303837025748
raw_illumination_variation,akiec,30,22,15,0.5,0.1084519657147757,0.09594522545573113,0.13782584917621976,0.1018813959955758,0.1241852102764824,0.022303814280906595,0.3422222222222224,0.0,0.66920497265892,400,,,
raw_illumination_variation,bcc,58,32,22,0.3793103448275862,0.1104161196294358,0.07472903843168748,0.13789069215921074,0.10088478842441251,0.1288564962446613,0.027971707820248798,0.20959595959595956,-0.13016233766233765,0.5773929787352794,400,,,
raw_illumination_variation,bkl,104,72,49,0.47115384615384615,0.13070414661014246,0.10064138032293896,0.1766823868185473,0.13557387059551,0.1300047370239897,-0.0055691335715202794,-0.14953617810760678,-0.37805654470584266,0.09235368955705056,400,,,
raw_illumination_variation,df,9,7,4,0.4444444444444444,0.1199080143119061,0.0711777456811207,0.1249227713423602,0.1202327837481073,0.07029069051516029,-0.049942093232947,-0.6,-1.0,0.9999999999999998,391,,,
raw_illumination_variation,mel,107,61,37,0.34579439252336447,0.1988139257461093,0.14092171075476334,0.26870337166548774,0.18751565747071008,0.217681252198662,0.03016559472795191,0.010810810810810922,-0.24323799463074458,0.2501566591844368,400,,,
raw_illumination_variation,nv,663,540,38,0.05731523378582202,0.1648646562836697,0.12215109568524496,0.2125534885119268,0.1639668066392594,0.1951556323733776,0.031188825734118214,0.2529684210526315,0.009456720120766723,0.4229456568332473,400,,,
raw_illumination_variation,vasc,15,9,3,0.2,0.1323102217233307,0.0996694743362022,0.1602118993472032,0.1273424137048101,0.1539370301281021,0.026594616423292,0.2777777777777777,-0.5,0.8461538461538463,383,,,
