image_id,true_label,raw_predicted_class,raw_melanoma_probability,raw_nv_probability,raw_vasc_probability,raw_max_probability,raw_binary_prediction,ham_preprocessed_predicted_class,ham_melanoma_probability,ham_nv_probability,ham_vasc_probability,ham_max_probability,ham_binary_prediction,prediction_changed,delta_melanoma_probability,raw_prob_akiec,raw_prob_bcc,raw_prob_bkl,raw_prob_df,raw_prob_mel,raw_prob_nv,raw_prob_vasc,ham_prob_akiec,ham_prob_bcc,ham_prob_bkl,ham_prob_df,ham_prob_mel,ham_prob_nv,ham_prob_vasc
IMD003,nv,nv,0.039473891258239746,0.8005125522613525,0.0005423901602625847,0.8005125522613525,nv,nv,0.3288209140300751,0.4326949119567871,0.00024050427600741386,0.4326949119567871,nv,False,0.2893470227718353,0.0004164355050306767,0.00010628961899783462,0.15860424935817719,0.00034411015803925693,0.039473891258239746,0.8005125522613525,0.0005423901602625847,0.020519575104117393,0.0009804280707612634,0.21550680696964264,0.0012368090683594346,0.3288209140300751,0.4326949119567871,0.00024050427600741386
IMD009,nv,nv,0.07323520630598068,0.679279625415802,0.0625748261809349,0.679279625415802,nv,bkl,0.07678249478340149,0.4162076711654663,0.0003450789663475007,0.4746409058570862,other,True,0.003547288477420807,0.0004944303655065596,0.0012841044226661325,0.18055610358715057,0.0025757180992513895,0.07323520630598068,0.679279625415802,0.0625748261809349,0.021954623982310295,0.0014944284921512008,0.4746409058570862,0.008574839681386948,0.07678249478340149,0.4162076711654663,0.0003450789663475007
IMD016,nv,nv,0.13902708888053894,0.4693555235862732,0.3253132700920105,0.4693555235862732,nv,nv,0.1539599448442459,0.8336225748062134,0.0005400913069024682,0.8336225748062134,nv,False,0.01493285596370697,0.0003429079079069197,0.000633232994005084,0.05940847471356392,0.005919500719755888,0.13902708888053894,0.4693555235862732,0.3253132700920105,0.00015977937437128276,0.00012868102930951864,0.010899843648076057,0.0006890239892527461,0.1539599448442459,0.8336225748062134,0.0005400913069024682
IMD022,nv,nv,0.11189080774784088,0.556667685508728,0.2013217657804489,0.556667685508728,nv,mel,0.5313939452171326,0.24492515623569489,0.00026852102018892765,0.5313939452171326,mel,True,0.4195031523704529,0.001145647605881095,0.004123109858483076,0.1000279113650322,0.02482309564948082,0.11189080774784088,0.556667685508728,0.2013217657804489,0.008288303390145302,0.00045194203266873956,0.21358050405979156,0.0010916225146502256,0.5313939452171326,0.24492515623569489,0.00026852102018892765
IMD024,nv,nv,0.17335359752178192,0.5324383974075317,0.16748873889446259,0.5324383974075317,nv,nv,0.31358659267425537,0.6794707775115967,0.0002789862628560513,0.6794707775115967,nv,False,0.14023299515247345,0.001109317527152598,0.001517961616627872,0.10314443707466125,0.020947560667991638,0.17335359752178192,0.5324383974075317,0.16748873889446259,0.0005105467280372977,0.0006193064618855715,0.004820931237190962,0.0007128969882614911,0.31358659267425537,0.6794707775115967,0.0002789862628560513
IMD025,nv,nv,0.13168872892856598,0.707556426525116,0.07139429450035095,0.707556426525116,nv,nv,0.2634541988372803,0.6537356376647949,0.0009123077034018934,0.6537356376647949,nv,False,0.1317654699087143,0.0003201180079486221,0.0008405890548601747,0.08678217977285385,0.00141764001455158,0.13168872892856598,0.707556426525116,0.07139429450035095,0.0011609862558543682,0.00023496073845308274,0.07163172215223312,0.008870198391377926,0.2634541988372803,0.6537356376647949,0.0009123077034018934
IMD035,nv,nv,0.24117174744606018,0.6250108480453491,0.08844731748104095,0.6250108480453491,nv,mel,0.44045475125312805,0.2931118309497833,0.0005413024337030947,0.44045475125312805,mel,True,0.19928300380706787,0.0003179762570653111,0.0007874387665651739,0.0432833656668663,0.0009812701027840376,0.24117174744606018,0.6250108480453491,0.08844731748104095,0.006921670865267515,0.002551442477852106,0.25470656156539917,0.0017123890575021505,0.44045475125312805,0.2931118309497833,0.0005413024337030947
IMD038,nv,nv,0.11219204217195511,0.5925868153572083,0.16353262960910797,0.5925868153572083,nv,nv,0.29338955879211426,0.7015148401260376,0.000756565947085619,0.7015148401260376,nv,False,0.18119752407073975,0.0006519847083836794,0.0014359246706590056,0.12274893373250961,0.006851664744317532,0.11219204217195511,0.5925868153572083,0.16353262960910797,0.0002183186443289742,0.0003656490589492023,0.0016385097987949848,0.002116573741659522,0.29338955879211426,0.7015148401260376,0.000756565947085619
IMD042,nv,nv,0.15502290427684784,0.7885881662368774,0.012808932922780514,0.7885881662368774,nv,nv,0.2763059735298157,0.7185412049293518,0.0001584129495313391,0.7185412049293518,nv,False,0.12128306925296783,0.00017187115736305714,0.0005434692138805985,0.042253609746694565,0.0006111367838457227,0.15502290427684784,0.7885881662368774,0.012808932922780514,0.00038909068098291755,4.624937355401926e-05,0.00413643941283226,0.00042263176874257624,0.2763059735298157,0.7185412049293518,0.0001584129495313391
IMD044,nv,nv,0.053934935480356216,0.8403854966163635,0.025958608835935593,0.8403854966163635,nv,nv,0.27493512630462646,0.2978019416332245,3.4025550121441483e-05,0.2978019416332245,nv,False,0.22100019454956055,0.0004093456664122641,0.0003224913962185383,0.0695134624838829,0.009475703351199627,0.053934935480356216,0.8403854966163635,0.025958608835935593,0.15727894008159637,0.0005365653778426349,0.2685436010360718,0.0008698470192030072,0.27493512630462646,0.2978019416332245,3.4025550121441483e-05
IMD045,nv,nv,0.232004776597023,0.5054051876068115,0.020030060783028603,0.5054051876068115,nv,nv,0.44350600242614746,0.4759191572666168,0.0003786533488892019,0.4759191572666168,nv,False,0.21150122582912445,0.004673010669648647,0.001990902004763484,0.2311861217021942,0.004709881264716387,0.232004776597023,0.5054051876068115,0.020030060783028603,0.0034377872943878174,0.0008812934393063188,0.07442713528871536,0.0014499675016850233,0.44350600242614746,0.4759191572666168,0.0003786533488892019
IMD050,nv,nv,0.13194945454597473,0.624192476272583,0.024395251646637917,0.624192476272583,nv,nv,0.28731417655944824,0.7075585722923279,0.0002914944489020854,0.7075585722923279,nv,False,0.1553647220134735,0.0013777291169390082,0.0007141432142816484,0.21340247988700867,0.0039685070514678955,0.13194945454597473,0.624192476272583,0.024395251646637917,0.0003628233098424971,0.00029958441155031323,0.003759204177185893,0.0004141466342844069,0.28731417655944824,0.7075585722923279,0.0002914944489020854
IMD092,nv,nv,0.06290599703788757,0.6386376619338989,0.2290719896554947,0.6386376619338989,nv,nv,0.1485811322927475,0.766923725605011,0.0018498043064028025,0.766923725605011,nv,False,0.08567513525485992,0.0003385210584383458,0.0007552306051366031,0.0621260404586792,0.006164597813040018,0.06290599703788757,0.6386376619338989,0.2290719896554947,0.006485091522336006,0.027181709185242653,0.03730035200715065,0.011678235605359077,0.1485811322927475,0.766923725605011,0.0018498043064028025
IMD101,nv,nv,0.13360615074634552,0.7633700370788574,0.0005303716752678156,0.7633700370788574,nv,nv,0.14373143017292023,0.8159879446029663,2.2455295038525946e-05,0.8159879446029663,nv,False,0.010125279426574707,0.0008551059290766716,9.998334280680865e-05,0.1014070212841034,0.000131312757730484,0.13360615074634552,0.7633700370788574,0.0005303716752678156,0.0013348320499062538,1.910591163323261e-05,0.03860905021429062,0.000295267382171005,0.14373143017292023,0.8159879446029663,2.2455295038525946e-05
IMD103,nv,vasc,0.0995139479637146,0.28211528062820435,0.47810617089271545,0.47810617089271545,other,nv,0.27457675337791443,0.5969716906547546,0.0014797518961131573,0.5969716906547546,nv,True,0.17506280541419983,0.0009002224542200565,0.001998737920075655,0.12481244653463364,0.012553134001791477,0.0995139479637146,0.28211528062820435,0.47810617089271545,0.003273740643635392,0.0011807758128270507,0.11774485558271408,0.004772433545440435,0.27457675337791443,0.5969716906547546,0.0014797518961131573
IMD112,nv,vasc,0.2314845621585846,0.21939365565776825,0.4638761878013611,0.4638761878013611,other,nv,0.18015062808990479,0.42969539761543274,0.0001381042820867151,0.42969539761543274,nv,True,-0.05133393406867981,0.0008524713339284062,0.0029391541611403227,0.06539936363697052,0.016054628416895866,0.2314845621585846,0.21939365565776825,0.4638761878013611,0.0022447288502007723,0.0001235294621437788,0.38704344630241394,0.0006041588494554162,0.18015062808990479,0.42969539761543274,0.0001381042820867151
IMD118,nv,nv,0.23716647922992706,0.637772798538208,0.019662676379084587,0.637772798538208,nv,nv,0.41129565238952637,0.5706890821456909,0.00047257356345653534,0.5706890821456909,nv,False,0.1741291731595993,0.0006958380108699203,0.001280721160583198,0.10138186067342758,0.0020397023763507605,0.23716647922992706,0.637772798538208,0.019662676379084587,0.0020552848000079393,0.0006541474722325802,0.00971941091120243,0.005113864783197641,0.41129565238952637,0.5706890821456909,0.00047257356345653534
IMD125,nv,nv,0.17082345485687256,0.4943760335445404,0.04820035770535469,0.4943760335445404,nv,nv,0.36838027834892273,0.594379723072052,0.0014272085390985012,0.594379723072052,nv,False,0.19755682349205017,0.0028456917498260736,0.004499460570514202,0.27379485964775085,0.005460125394165516,0.17082345485687256,0.4943760335445404,0.04820035770535469,0.003223054576665163,0.0015831610653549433,0.027155838906764984,0.00385082745924592,0.36838027834892273,0.594379723072052,0.0014272085390985012
IMD132,nv,nv,0.13443177938461304,0.5631465315818787,0.2603813111782074,0.5631465315818787,nv,nv,0.23312592506408691,0.6672213673591614,0.0014742350904271007,0.6672213673591614,nv,False,0.09869414567947388,0.0004451290296856314,0.003095181193202734,0.03266746178269386,0.005832602735608816,0.13443177938461304,0.5631465315818787,0.2603813111782074,0.0028630378656089306,0.00415438087657094,0.08745721727609634,0.003703797236084938,0.23312592506408691,0.6672213673591614,0.0014742350904271007
IMD134,nv,nv,0.12474650144577026,0.5767229199409485,0.2494540959596634,0.5767229199409485,nv,nv,0.21492309868335724,0.7681315541267395,0.0002790153957903385,0.7681315541267395,nv,False,0.09017659723758698,0.0002885730064008385,0.0019150235457345843,0.04321664944291115,0.0036562164314091206,0.12474650144577026,0.5767229199409485,0.2494540959596634,0.0002651553659234196,0.00013987092825118452,0.015798408538103104,0.0004628982860594988,0.21492309868335724,0.7681315541267395,0.0002790153957903385
IMD135,nv,nv,0.21002550423145294,0.5809665322303772,0.16107921302318573,0.5809665322303772,nv,nv,0.09507974982261658,0.8974069356918335,8.874144987203181e-05,0.8974069356918335,nv,False,-0.11494575440883636,8.446113497484475e-05,0.00016508121916558594,0.047277677804231644,0.0004015452286694199,0.21002550423145294,0.5809665322303772,0.16107921302318573,8.86958441697061e-05,5.354101176635595e-06,0.007031528279185295,0.00029898472712375224,0.09507974982261658,0.8974069356918335,8.874144987203181e-05
IMD144,nv,nv,0.0949854850769043,0.7602680921554565,0.10404662787914276,0.7602680921554565,nv,nv,0.2370147705078125,0.7136139273643494,0.0014111516065895557,0.7136139273643494,nv,False,0.1420292854309082,0.00011761031055357307,0.0003358795656822622,0.03825400769710541,0.001992314588278532,0.0949854850769043,0.7602680921554565,0.10404662787914276,0.0017546381568536162,0.0023713118862360716,0.03585384041070938,0.007980386726558208,0.2370147705078125,0.7136139273643494,0.0014111516065895557
IMD146,nv,nv,0.17267177999019623,0.6557068228721619,0.04598020389676094,0.6557068228721619,nv,nv,0.4201463460922241,0.5644965767860413,0.0005835470510646701,0.5644965767860413,nv,False,0.2474745661020279,0.0031357661355286837,0.003109211567789316,0.09702534228563309,0.02237091399729252,0.17267177999019623,0.6557068228721619,0.04598020389676094,0.0006898021092638373,0.00039156165439635515,0.010380784049630165,0.003311336971819401,0.4201463460922241,0.5644965767860413,0.0005835470510646701
IMD147,nv,vasc,0.17659515142440796,0.3435862958431244,0.44286027550697327,0.44286027550697327,other,nv,0.46465712785720825,0.512287974357605,2.520933594496455e-05,0.512287974357605,nv,True,0.2880619764328003,0.0002625008928589523,0.0008048411109484732,0.028257187455892563,0.007633822504431009,0.17659515142440796,0.3435862958431244,0.44286027550697327,0.001503109117038548,3.605571328080259e-05,0.021221324801445007,0.0002692361013032496,0.46465712785720825,0.512287974357605,2.520933594496455e-05
IMD150,nv,nv,0.2491716742515564,0.7103680372238159,0.010200639255344868,0.7103680372238159,nv,nv,0.23009361326694489,0.7431128025054932,0.00014272220141720027,0.7431128025054932,nv,False,-0.01907806098461151,0.00017718522576615214,0.00017886754358187318,0.029620550572872162,0.0002830790472216904,0.2491716742515564,0.7103680372238159,0.010200639255344868,0.0004912572330795228,1.304060970142018e-05,0.026002133265137672,0.0001445153175154701,0.23009361326694489,0.7431128025054932,0.00014272220141720027
IMD152,nv,nv,0.12157950550317764,0.7104774713516235,0.05527343973517418,0.7104774713516235,nv,bkl,0.013692988082766533,0.4651402533054352,0.003310807980597019,0.5049450993537903,other,True,-0.10788651555776596,0.0013101027579978108,0.0005370598519220948,0.1027480736374855,0.008074345998466015,0.12157950550317764,0.7104774713516235,0.05527343973517418,0.0031277404632419348,0.00852374080568552,0.5049450993537903,0.0012594100553542376,0.013692988082766533,0.4651402533054352,0.003310807980597019
IMD156,nv,nv,0.14238615334033966,0.7020869255065918,0.05553964525461197,0.7020869255065918,nv,nv,0.3755490481853485,0.5219602584838867,0.0011069205356761813,0.5219602584838867,nv,False,0.23316289484500885,0.002329754177480936,0.0050986409187316895,0.08297800272703171,0.009580958634614944,0.14238615334033966,0.7020869255065918,0.05553964525461197,0.005121190100908279,0.0029393124859780073,0.09179973602294922,0.0015234998427331448,0.3755490481853485,0.5219602584838867,0.0011069205356761813
IMD159,nv,vasc,0.05518544837832451,0.2489549070596695,0.660494863986969,0.660494863986969,other,nv,0.40496525168418884,0.5556763410568237,0.00010753733658930287,0.5556763410568237,nv,True,0.34977981448173523,0.00044658553088083863,0.00252667092718184,0.028362559154629707,0.004029007628560066,0.05518544837832451,0.2489549070596695,0.660494863986969,0.0009176597814075649,5.459136446006596e-05,0.03779656067490578,0.0004821318725589663,0.40496525168418884,0.5556763410568237,0.00010753733658930287
IMD161,nv,nv,0.09698133170604706,0.5405473113059998,0.3211553394794464,0.5405473113059998,nv,nv,0.1809576451778412,0.8033355474472046,0.0002303965447936207,0.8033355474472046,nv,False,0.08397631347179413,7.63245188863948e-05,0.0014646986965090036,0.03717230632901192,0.002602715976536274,0.09698133170604706,0.5405473113059998,0.3211553394794464,0.0002517125103622675,8.345890091732144e-05,0.014050198718905449,0.0010911892168223858,0.1809576451778412,0.8033355474472046,0.0002303965447936207
IMD162,nv,vasc,0.0194266214966774,0.07584015280008316,0.89186030626297,0.89186030626297,other,bkl,0.278945654630661,0.315085232257843,0.0007263171719387174,0.39784514904022217,other,True,0.2595190405845642,6.54272225801833e-05,0.0009015771211124957,0.0055003720335662365,0.006405542604625225,0.0194266214966774,0.07584015280008316,0.89186030626297,0.005008599255234003,0.0006282538524828851,0.39784514904022217,0.0017608475172892213,0.278945654630661,0.315085232257843,0.0007263171719387174
IMD175,nv,vasc,0.05236847698688507,0.28669729828834534,0.6373594403266907,0.6373594403266907,other,nv,0.14105655252933502,0.8000242710113525,0.00041340591269545257,0.8000242710113525,nv,True,0.08868807554244995,0.0001032366999424994,0.0008386228582821786,0.019803451374173164,0.0028294804506003857,0.05236847698688507,0.28669729828834534,0.6373594403266907,0.0003913895634468645,0.00012734398478642106,0.0572315938770771,0.000755433167796582,0.14105655252933502,0.8000242710113525,0.00041340591269545257
IMD177,nv,nv,0.13358594477176666,0.8013303875923157,0.01048977766185999,0.8013303875923157,nv,mel,0.5164834856987,0.4635397493839264,0.0010562717216089368,0.5164834856987,mel,True,0.3828975558280945,0.0003662708040792495,0.0005375156179070473,0.05320517346262932,0.00048487793537788093,0.13358594477176666,0.8013303875923157,0.01048977766185999,0.0011165633331984282,0.0008302228525280952,0.011510084383189678,0.005463566165417433,0.5164834856987,0.4635397493839264,0.0010562717216089368
IMD182,nv,vasc,0.1441294103860855,0.3485204875469208,0.5020891427993774,0.5020891427993774,other,nv,0.3983926773071289,0.5839335322380066,0.0001494174066465348,0.5839335322380066,nv,True,0.2542632818222046,2.720538032008335e-05,0.00041662497096695006,0.0036359333898872137,0.0011812752345576882,0.1441294103860855,0.3485204875469208,0.5020891427993774,0.0002582489396445453,3.3684529626043513e-05,0.01699768751859665,0.00023469427833333611,0.3983926773071289,0.5839335322380066,0.0001494174066465348
IMD198,nv,vasc,0.03194098547101021,0.07221357524394989,0.869555652141571,0.869555652141571,other,nv,0.3152742385864258,0.4635947048664093,0.0018144355854019523,0.4635947048664093,nv,True,0.2833332419395447,0.0003237207420170307,0.00274138106033206,0.010587393306195736,0.012637194246053696,0.03194098547101021,0.07221357524394989,0.869555652141571,0.0023162332363426685,0.0010334862163290381,0.21392026543617249,0.0020466200076043606,0.3152742385864258,0.4635947048664093,0.0018144355854019523
IMD200,nv,vasc,0.06802918761968613,0.18907462060451508,0.6972421407699585,0.6972421407699585,other,bkl,0.038172706961631775,0.46678972244262695,0.005893988534808159,0.4791902005672455,other,True,-0.029856480658054352,0.00018253452435601503,0.0010951926233246922,0.039408836513757706,0.004967499058693647,0.06802918761968613,0.18907462060451508,0.6972421407699585,0.0013477789470925927,0.0032399336341768503,0.4791902005672455,0.005365693010389805,0.038172706961631775,0.46678972244262695,0.005893988534808159
IMD010,nv,vasc,0.08133493363857269,0.2757936418056488,0.6075407266616821,0.6075407266616821,other,bkl,0.10428479313850403,0.41249728202819824,0.0011644955957308412,0.4757941663265228,other,True,0.022949859499931335,0.0002089335466735065,0.0006019185530021787,0.026484979316592216,0.008034847676753998,0.08133493363857269,0.2757936418056488,0.6075407266616821,0.0031557190231978893,0.0006048429640941322,0.4757941663265228,0.0024986453354358673,0.10428479313850403,0.41249728202819824,0.0011644955957308412
IMD017,nv,nv,0.2668501138687134,0.6970597505569458,0.006073178257793188,0.6970597505569458,nv,nv,0.27470144629478455,0.7242692112922668,2.428085463179741e-05,0.7242692112922668,nv,False,0.007851332426071167,0.0002563656016718596,0.00026039802469313145,0.02926006354391575,0.00024013689835555851,0.2668501138687134,0.6970597505569458,0.006073178257793188,2.8811606171075255e-05,7.772404387651477e-06,0.0009331725304946303,3.5278673749417067e-05,0.27470144629478455,0.7242692112922668,2.428085463179741e-05
IMD020,nv,nv,0.0654841959476471,0.7951528429985046,0.03932279720902443,0.7951528429985046,nv,nv,0.1446063220500946,0.725486159324646,0.0050000217743217945,0.725486159324646,nv,False,0.07912212610244751,0.0001629033504286781,0.001147079630754888,0.09830242395401001,0.00042777700582519174,0.0654841959476471,0.7951528429985046,0.03932279720902443,0.003263728925958276,0.0017968611791729927,0.10170087218284607,0.018145933747291565,0.1446063220500946,0.725486159324646,0.0050000217743217945
IMD039,nv,nv,0.10679755359888077,0.7672286033630371,0.09081088751554489,0.7672286033630371,nv,nv,0.29981371760368347,0.591684877872467,0.008240570314228535,0.591684877872467,nv,False,0.1930161714553833,0.0001754656550474465,0.00046994429430924356,0.0337679497897625,0.0007496236939914525,0.10679755359888077,0.7672286033630371,0.09081088751554489,0.003474304685369134,0.0014678953448310494,0.026698287576436996,0.06862031668424606,0.29981371760368347,0.591684877872467,0.008240570314228535
IMD041,nv,nv,0.19118794798851013,0.5620909333229065,0.20004528760910034,0.5620909333229065,nv,nv,0.3387910723686218,0.6402986645698547,0.0004499638162087649,0.6402986645698547,nv,False,0.1476031243801117,0.00025036209262907505,0.0005944214062765241,0.04227089881896973,0.0035601260606199503,0.19118794798851013,0.5620909333229065,0.20004528760910034,0.0006771513144485652,6.075467899790965e-05,0.018804453313350677,0.0009178972686640918,0.3387910723686218,0.6402986645698547,0.0004499638162087649
IMD105,nv,nv,0.11523975431919098,0.651293158531189,0.02875688299536705,0.651293158531189,nv,bkl,0.12627461552619934,0.3651674687862396,0.001247106003575027,0.45634958148002625,other,True,0.011034861207008362,0.0024846852757036686,0.004856575280427933,0.19046196341514587,0.006907016504555941,0.11523975431919098,0.651293158531189,0.02875688299536705,0.03799908608198166,0.003206138499081135,0.45634958148002625,0.00975595973432064,0.12627461552619934,0.3651674687862396,0.001247106003575027
IMD107,nv,nv,0.20073267817497253,0.43125373125076294,0.285603404045105,0.43125373125076294,nv,nv,0.25478309392929077,0.6994386315345764,0.000849118281621486,0.6994386315345764,nv,False,0.05405041575431824,0.0006893070531077683,0.002843037946149707,0.07270032912492752,0.006177521776407957,0.20073267817497253,0.43125373125076294,0.285603404045105,0.0006340272375382483,0.00040714399074204266,0.041041381657123566,0.002846617717295885,0.25478309392929077,0.6994386315345764,0.000849118281621486
IMD108,nv,nv,0.16984710097312927,0.5409790277481079,0.1611955463886261,0.5409790277481079,nv,nv,0.24227583408355713,0.6339120864868164,0.0006615771562792361,0.6339120864868164,nv,False,0.07242873311042786,0.0004057994519826025,0.0010224368888884783,0.12179858237504959,0.004751566797494888,0.16984710097312927,0.5409790277481079,0.1611955463886261,0.001469699083827436,0.00048346476978622377,0.11997593194246292,0.0012214179150760174,0.24227583408355713,0.6339120864868164,0.0006615771562792361
IMD133,nv,nv,0.10450205206871033,0.6895099878311157,0.04259674623608589,0.6895099878311157,nv,nv,0.3080688416957855,0.5673356652259827,0.004342982545495033,0.5673356652259827,nv,False,0.2035667896270752,0.0009779899846762419,0.0018420831765979528,0.15552523732185364,0.005045950412750244,0.10450205206871033,0.6895099878311157,0.04259674623608589,0.005994236096739769,0.003331566695123911,0.07711077481508255,0.03381594270467758,0.3080688416957855,0.5673356652259827,0.004342982545495033
IMD142,nv,nv,0.1613411009311676,0.5157820582389832,0.2660766839981079,0.5157820582389832,nv,nv,0.2580011188983917,0.7290263175964355,0.0009153744904324412,0.7290263175964355,nv,False,0.09666001796722412,0.00018928860663436353,0.000532517908141017,0.05312223359942436,0.0029561088886111975,0.1613411009311676,0.5157820582389832,0.2660766839981079,0.0005761649226769805,0.0003874354006256908,0.008174501359462738,0.0029190555214881897,0.2580011188983917,0.7290263175964355,0.0009153744904324412
IMD143,nv,nv,0.1368234008550644,0.5553310513496399,0.24208791553974152,0.5553310513496399,nv,nv,0.10480417311191559,0.8433637619018555,0.002330282237380743,0.8433637619018555,nv,False,-0.032019227743148804,0.000250708544626832,0.0015133480774238706,0.062282390892505646,0.001711151096969843,0.1368234008550644,0.5553310513496399,0.24208791553974152,0.0008278299937956035,0.0008946769521571696,0.03696213662624359,0.010817166417837143,0.10480417311191559,0.8433637619018555,0.002330282237380743
IMD160,nv,nv,0.16900131106376648,0.710506796836853,0.030222725123167038,0.710506796836853,nv,nv,0.2852407395839691,0.7080031037330627,4.388123852550052e-05,0.7080031037330627,nv,False,0.11623942852020264,0.0004374471609480679,0.0015391238266602159,0.0857279971241951,0.0025645277928560972,0.16900131106376648,0.710506796836853,0.030222725123167038,0.0002660599129740149,4.195595101919025e-05,0.0060914186760783195,0.0003129051474388689,0.2852407395839691,0.7080031037330627,4.388123852550052e-05
IMD173,nv,nv,0.2988699674606323,0.5596720576286316,0.05272623151540756,0.5596720576286316,nv,nv,0.18756045401096344,0.8085818290710449,0.00043001462472602725,0.8085818290710449,nv,False,-0.11130951344966888,0.0008175675175152719,0.0013851560652256012,0.08011242002248764,0.006416643969714642,0.2988699674606323,0.5596720576286316,0.05272623151540756,0.00016875480650924146,0.0001442248758394271,0.0022998133208602667,0.0008150125504471362,0.18756045401096344,0.8085818290710449,0.00043001462472602725
IMD176,nv,vasc,0.10670694708824158,0.23417265713214874,0.6457186341285706,0.6457186341285706,other,nv,0.08887786418199539,0.8676628470420837,0.00029978546081110835,0.8676628470420837,nv,True,-0.017829082906246185,8.828350837575272e-05,0.001982840709388256,0.00992340687662363,0.001407202216796577,0.10670694708824158,0.23417265713214874,0.6457186341285706,9.381536801811308e-05,4.55043300462421e-05,0.0425848625600338,0.0004352632095105946,0.08887786418199539,0.8676628470420837,0.00029978546081110835
IMD196,nv,nv,0.14568202197551727,0.6052399277687073,0.0027928510680794716,0.6052399277687073,nv,nv,0.18250928819179535,0.44180378317832947,0.0017453633481636643,0.44180378317832947,nv,False,0.036827266216278076,0.0010511691216379404,0.0003161325876135379,0.24407529830932617,0.0008425982668995857,0.14568202197551727,0.6052399277687073,0.0027928510680794716,0.03480100631713867,0.0046545108780264854,0.2722473442554474,0.06223875284194946,0.18250928819179535,0.44180378317832947,0.0017453633481636643
IMD197,nv,nv,0.20152916014194489,0.5432461500167847,0.24741624295711517,0.5432461500167847,nv,nv,0.2035001814365387,0.7182663679122925,0.0002713817812036723,0.7182663679122925,nv,False,0.001971021294593811,2.9855335014872253e-05,0.0004367895016912371,0.007000411860644817,0.0003414100792724639,0.20152916014194489,0.5432461500167847,0.24741624295711517,0.000598189770244062,0.00010593998740660027,0.07707824558019638,0.00017968914471566677,0.2035001814365387,0.7182663679122925,0.0002713817812036723
IMD199,nv,nv,0.08590392768383026,0.5242553353309631,0.24541601538658142,0.5242553353309631,nv,nv,0.07566362619400024,0.7026610970497131,0.0033570853993296623,0.7026610970497131,nv,False,-0.010240301489830017,0.0001380256871925667,0.0005716269370168447,0.14143577218055725,0.0022793044336140156,0.08590392768383026,0.5242553353309631,0.24541601538658142,0.0008025884162634611,0.001252156333066523,0.21248525381088257,0.0037781568244099617,0.07566362619400024,0.7026610970497131,0.0033570853993296623
IMD203,nv,nv,0.2369629293680191,0.557643711566925,0.09159909933805466,0.557643711566925,nv,nv,0.23319701850414276,0.6875336766242981,0.0016983733512461185,0.6875336766242981,nv,False,-0.0037659108638763428,0.001004392048344016,0.0016157497884705663,0.1036500483751297,0.007524077780544758,0.2369629293680191,0.557643711566925,0.09159909933805466,0.002631380222737789,0.0009497473365627229,0.06777937710285187,0.006210507825016975,0.23319701850414276,0.6875336766242981,0.0016983733512461185
IMD204,nv,nv,0.1299009472131729,0.39306533336639404,0.3919258117675781,0.39306533336639404,nv,nv,0.24153928458690643,0.6647883653640747,0.0011478960514068604,0.6647883653640747,nv,False,0.11163833737373352,0.0008125677122734487,0.0021936430130153894,0.07611203193664551,0.0059896307066082954,0.1299009472131729,0.39306533336639404,0.3919258117675781,0.006127939559519291,0.002959194127470255,0.0798388198018074,0.003598563140258193,0.24153928458690643,0.6647883653640747,0.0011478960514068604
IMD206,nv,nv,0.1517522633075714,0.6909432411193848,0.03069068305194378,0.6909432411193848,nv,nv,0.15316228568553925,0.629491925239563,0.00055595365120098,0.629491925239563,nv,False,0.0014100223779678345,0.0007296461262740195,0.0006457350100390613,0.1221681758761406,0.003070239210501313,0.1517522633075714,0.6909432411193848,0.03069068305194378,0.006759357172995806,0.00044393446296453476,0.20510992407798767,0.004476563539355993,0.15316228568553925,0.629491925239563,0.00055595365120098
IMD207,nv,nv,0.15777263045310974,0.5411941409111023,0.23243644833564758,0.5411941409111023,nv,nv,0.14792151749134064,0.4524253308773041,0.0005482810665853322,0.4524253308773041,nv,False,-0.009851112961769104,0.0002957820543088019,0.0006833894876763225,0.061691202223300934,0.005926379002630711,0.15777263045310974,0.5411941409111023,0.23243644833564758,0.005034941248595715,0.00023469836742151529,0.3902239501476288,0.0036113036330789328,0.14792151749134064,0.4524253308773041,0.0005482810665853322
IMD208,nv,nv,0.21663735806941986,0.4908069968223572,0.1875557154417038,0.4908069968223572,nv,nv,0.15926195681095123,0.7782139778137207,0.0005168326897546649,0.7782139778137207,nv,False,-0.05737540125846863,0.0009478590218350291,0.001609275583177805,0.09951674938201904,0.0029261144809424877,0.21663735806941986,0.4908069968223572,0.1875557154417038,0.00047179029206745327,0.00013572083844337612,0.06069827079772949,0.0007014339207671583,0.15926195681095123,0.7782139778137207,0.0005168326897546649
IMD364,nv,nv,0.06842942535877228,0.5772674679756165,0.26241862773895264,0.5772674679756165,nv,nv,0.23651912808418274,0.5843055844306946,0.002943172585219145,0.5843055844306946,nv,False,0.16808970272541046,0.0001337317517027259,0.0005686270305886865,0.08553861826658249,0.005643523298203945,0.06842942535877228,0.5772674679756165,0.26241862773895264,0.0039451876655220985,0.0023436974734067917,0.15165093541145325,0.01829228177666664,0.23651912808418274,0.5843055844306946,0.002943172585219145
IMD365,nv,nv,0.19351306557655334,0.549866795539856,0.2079479694366455,0.549866795539856,nv,nv,0.24034857749938965,0.6614164113998413,0.002707652747631073,0.6614164113998413,nv,False,0.046835511922836304,0.0002973705413751304,0.0014843925600871444,0.04495267570018768,0.0019377795979380608,0.19351306557655334,0.549866795539856,0.2079479694366455,0.0019312318181619048,0.0020317158196121454,0.07254287600517273,0.019021542742848396,0.24034857749938965,0.6614164113998413,0.002707652747631073
IMD367,nv,nv,0.19250936806201935,0.6115418672561646,0.07325896620750427,0.6115418672561646,nv,nv,0.26426640152931213,0.5998472571372986,0.0007827560184523463,0.5998472571372986,nv,False,0.07175703346729279,0.000526231131516397,0.0007775686681270599,0.11972667276859283,0.0016593073960393667,0.19250936806201935,0.6115418672561646,0.07325896620750427,0.002480407478287816,0.0002068384492304176,0.12094332277774811,0.01147296279668808,0.26426640152931213,0.5998472571372986,0.0007827560184523463
IMD371,nv,nv,0.1674787998199463,0.6910262703895569,0.07216770201921463,0.6910262703895569,nv,nv,0.057462166994810104,0.9253608584403992,0.0009457352571189404,0.9253608584403992,nv,False,-0.11001662909984589,0.0011552800424396992,0.006170211359858513,0.05660812184214592,0.005393601953983307,0.1674787998199463,0.6910262703895569,0.07216770201921463,0.00019272493955213577,4.884402369498275e-05,0.01091934647411108,0.005070394370704889,0.057462166994810104,0.9253608584403992,0.0009457352571189404
IMD372,nv,nv,0.1651659458875656,0.6287316679954529,0.001347150537185371,0.6287316679954529,nv,nv,0.3438400328159332,0.5097454190254211,0.0002542006259318441,0.5097454190254211,nv,False,0.17867408692836761,0.002343513071537018,0.0002943748258985579,0.20150387287139893,0.0006135052535682917,0.1651659458875656,0.6287316679954529,0.001347150537185371,0.019702285528182983,0.0014342524809762836,0.12240970134735107,0.002614051103591919,0.3438400328159332,0.5097454190254211,0.0002542006259318441
IMD374,nv,vasc,0.09343279898166656,0.3384418785572052,0.526759147644043,0.526759147644043,other,nv,0.2903306484222412,0.5256733894348145,0.004411347210407257,0.5256733894348145,nv,True,0.19689784944057465,0.00014001330418977886,0.0008407914428971708,0.03813609853386879,0.002249295823276043,0.09343279898166656,0.3384418785572052,0.526759147644043,0.005642285104840994,0.007315718103200197,0.026322543621063232,0.1403040587902069,0.2903306484222412,0.5256733894348145,0.004411347210407257
IMD375,nv,nv,0.15739159286022186,0.7744879722595215,0.0016589154256507754,0.7744879722595215,nv,nv,0.28886571526527405,0.5933474898338318,0.000685277278535068,0.5933474898338318,nv,False,0.13147412240505219,0.0007439073524437845,0.00015630858251824975,0.06540759652853012,0.00015364636783488095,0.15739159286022186,0.7744879722595215,0.0016589154256507754,0.00913687888532877,0.001072556828148663,0.09891742467880249,0.00797466840595007,0.28886571526527405,0.5933474898338318,0.000685277278535068
IMD378,nv,nv,0.08706891536712646,0.7432426810264587,0.032666925340890884,0.7432426810264587,nv,mel,0.5073986053466797,0.42576348781585693,0.0011755259474739432,0.5073986053466797,mel,True,0.4203296899795532,0.0004028559778816998,0.0004045819805469364,0.13442400097846985,0.0017900177044793963,0.08706891536712646,0.7432426810264587,0.032666925340890884,0.008395323529839516,0.00014747837849427015,0.05015600100159645,0.00696355989202857,0.5073986053466797,0.42576348781585693,0.0011755259474739432
IMD379,nv,nv,0.12497105449438095,0.47153013944625854,0.3721259832382202,0.47153013944625854,nv,nv,0.36423230171203613,0.6137475967407227,0.0013757168781012297,0.6137475967407227,nv,False,0.23926123976707458,0.0001326675555901602,0.0006496670539490879,0.02864520251750946,0.0019453418208286166,0.12497105449438095,0.47153013944625854,0.3721259832382202,0.001109052449464798,0.0007694606902077794,0.014093211852014065,0.004672632552683353,0.36423230171203613,0.6137475967407227,0.0013757168781012297
IMD380,nv,nv,0.09310577064752579,0.586803138256073,0.21545302867889404,0.586803138256073,nv,nv,0.20095030963420868,0.7720944285392761,0.0003829910419881344,0.7720944285392761,nv,False,0.10784453898668289,0.00037174628232605755,0.0004828404635190964,0.09638192504644394,0.007401583716273308,0.09310577064752579,0.586803138256073,0.21545302867889404,0.00029106150032021105,0.00010278938862029463,0.025630159303545952,0.0005482416599988937,0.20095030963420868,0.7720944285392761,0.0003829910419881344
IMD381,nv,nv,0.11233340948820114,0.7974234819412231,0.06353948265314102,0.7974234819412231,nv,nv,0.16065427660942078,0.7304039597511292,0.0012470880756154656,0.7304039597511292,nv,False,0.048320867121219635,0.00010501143697183579,0.00038708088686689734,0.02440624125301838,0.0018052501836791635,0.11233340948820114,0.7974234819412231,0.06353948265314102,0.00039700145134702325,0.0002799790818244219,0.10650469362735748,0.0005129419732838869,0.16065427660942078,0.7304039597511292,0.0012470880756154656
IMD383,nv,vasc,0.09521924704313278,0.294413298368454,0.47945910692214966,0.47945910692214966,other,nv,0.24929887056350708,0.5503040552139282,0.0034504206851124763,0.5503040552139282,nv,True,0.1540796160697937,0.0009178062318824232,0.005745859816670418,0.10316324979066849,0.021081427112221718,0.09521924704313278,0.294413298368454,0.47945910692214966,0.0062335943803191185,0.0051391213200986385,0.17575593292713165,0.009818016551434994,0.24929887056350708,0.5503040552139282,0.0034504206851124763
IMD384,nv,vasc,0.1277797818183899,0.3520316779613495,0.5023494362831116,0.5023494362831116,other,nv,0.4547494947910309,0.5345607399940491,0.0008883416303433478,0.5345607399940491,nv,True,0.326969712972641,7.241216371767223e-05,0.0003271218447480351,0.01690252497792244,0.0005370225990191102,0.1277797818183899,0.3520316779613495,0.5023494362831116,0.001000377582386136,0.0007922994554974139,0.006061798892915249,0.0019469690741971135,0.4547494947910309,0.5345607399940491,0.0008883416303433478
IMD385,nv,nv,0.19792324304580688,0.46155789494514465,0.2618553936481476,0.46155789494514465,nv,nv,0.3804900050163269,0.6167446970939636,0.00029892349266447127,0.6167446970939636,nv,False,0.18256676197052002,0.0004246423195581883,0.0008865604177117348,0.06947652995586395,0.00787569209933281,0.19792324304580688,0.46155789494514465,0.2618553936481476,0.0001696907711448148,7.232803181977943e-05,0.0018468835623934865,0.00037747956230305135,0.3804900050163269,0.6167446970939636,0.00029892349266447127
IMD389,nv,nv,0.0693138986825943,0.7704681158065796,0.08025887608528137,0.7704681158065796,nv,nv,0.19885936379432678,0.794022262096405,1.2950180462212302e-05,0.794022262096405,nv,False,0.12954546511173248,0.00017032540927175432,0.00032559625105932355,0.07436485588550568,0.005098289810121059,0.0693138986825943,0.7704681158065796,0.08025887608528137,0.0008016908541321754,6.580625267815776e-06,0.005796059034764767,0.000501026923302561,0.19885936379432678,0.794022262096405,1.2950180462212302e-05
IMD390,nv,nv,0.1207786276936531,0.47928062081336975,0.2724114954471588,0.47928062081336975,nv,nv,0.3313266932964325,0.4350537955760956,0.0009576031006872654,0.4350537955760956,nv,False,0.21054807305335999,0.00038454117020592093,0.001137623912654817,0.11957640945911407,0.006430665496736765,0.1207786276936531,0.47928062081336975,0.2724114954471588,0.004091994371265173,0.000764849130064249,0.22395262122154236,0.0038524349220097065,0.3313266932964325,0.4350537955760956,0.0009576031006872654
IMD392,nv,vasc,0.17704185843467712,0.33677300810813904,0.3811754286289215,0.3811754286289215,other,nv,0.3597453832626343,0.6158604621887207,0.0017601369181647897,0.6158604621887207,nv,True,0.18270352482795715,0.0008448588778264821,0.0010446652304381132,0.07996909320354462,0.023151053115725517,0.17704185843467712,0.33677300810813904,0.3811754286289215,0.0011150615755468607,0.0008602635934948921,0.017883598804473877,0.0027750690933316946,0.3597453832626343,0.6158604621887207,0.0017601369181647897
IMD394,nv,nv,0.07966459542512894,0.5732577443122864,0.2882586121559143,0.5732577443122864,nv,nv,0.36625105142593384,0.6178916692733765,0.001897600945085287,0.6178916692733765,nv,False,0.2865864634513855,0.00016875079018063843,0.0005025304271839559,0.050941359251737595,0.00720641203224659,0.07966459542512894,0.5732577443122864,0.2882586121559143,0.00076117372373119,0.0002694994327612221,0.00623828312382102,0.006690719164907932,0.36625105142593384,0.6178916692733765,0.001897600945085287
IMD395,nv,nv,0.1463034301996231,0.6101458668708801,0.1881425976753235,0.6101458668708801,nv,nv,0.4287169277667999,0.5592904090881348,0.0006750812171958387,0.5592904090881348,nv,False,0.2824134826660156,0.00018462148727849126,0.0007285610190592706,0.05334075167775154,0.0011541660642251372,0.1463034301996231,0.6101458668708801,0.1881425976753235,0.0006886153132654727,0.0001341814931947738,0.002791286911815405,0.0077034407295286655,0.4287169277667999,0.5592904090881348,0.0006750812171958387
IMD397,nv,nv,0.2885136902332306,0.5184766054153442,0.14232252538204193,0.5184766054153442,nv,nv,0.373151034116745,0.5831148028373718,0.0001948188291862607,0.5831148028373718,nv,False,0.0846373438835144,0.00024731451412662864,0.0008473705966025591,0.04669822007417679,0.0028943256475031376,0.2885136902332306,0.5184766054153442,0.14232252538204193,0.0004403308848850429,0.00011696796718752012,0.042654071003198624,0.00032792839920148253,0.373151034116745,0.5831148028373718,0.0001948188291862607
IMD399,nv,nv,0.3137625753879547,0.53546541929245,0.06739354878664017,0.53546541929245,nv,nv,0.4066356122493744,0.5638043284416199,0.0005242156330496073,0.5638043284416199,nv,False,0.09287303686141968,0.0015221255598589778,0.003610229818150401,0.06995255500078201,0.008293576538562775,0.3137625753879547,0.53546541929245,0.06739354878664017,0.0021657301113009453,0.0005410082521848381,0.024219755083322525,0.0021093902178108692,0.4066356122493744,0.5638043284416199,0.0005242156330496073
IMD400,nv,nv,0.05857261270284653,0.45582813024520874,0.41894108057022095,0.45582813024520874,nv,nv,0.2997155785560608,0.6428356170654297,8.733080176170915e-05,0.6428356170654297,nv,False,0.24114295840263367,0.00011738354805856943,0.0005227896617725492,0.06109829246997833,0.004919742699712515,0.05857261270284653,0.45582813024520874,0.41894108057022095,0.0005085119628347456,1.9346573026268743e-05,0.05661112815141678,0.00022253683710005134,0.2997155785560608,0.6428356170654297,8.733080176170915e-05
IMD402,nv,nv,0.08334583789110184,0.7986475229263306,0.01565084233880043,0.7986475229263306,nv,nv,0.2279791384935379,0.7530217170715332,0.0003215520700905472,0.7530217170715332,nv,False,0.14463329315185547,0.0002727345854509622,0.0006009109201841056,0.10038325935602188,0.0010988668072968721,0.08334583789110184,0.7986475229263306,0.01565084233880043,0.0001459490740671754,7.93757353676483e-05,0.018152566626667976,0.000299744337098673,0.2279791384935379,0.7530217170715332,0.0003215520700905472
IMD058,mel,nv,0.22679275274276733,0.6775680184364319,0.0037625690456479788,0.6775680184364319,nv,bkl,0.05727280676364899,0.2792690098285675,0.0014095481019467115,0.5536453723907471,other,True,-0.16951994597911835,0.0004931497387588024,0.000228735021664761,0.09095081686973572,0.0002039417449850589,0.22679275274276733,0.6775680184364319,0.0037625690456479788,0.036902930587530136,0.0018796779913827777,0.5536453723907471,0.06962066143751144,0.05727280676364899,0.2792690098285675,0.0014095481019467115
IMD061,mel,nv,0.3430432081222534,0.47969117760658264,0.007215274032205343,0.47969117760658264,nv,nv,0.12931141257286072,0.510246753692627,3.405325333005749e-05,0.510246753692627,nv,False,-0.2137317955493927,0.0013783127069473267,0.0007702268776483834,0.1666673868894577,0.001234426279552281,0.3430432081222534,0.47969117760658264,0.007215274032205343,0.0407291054725647,0.00022675393847748637,0.319010466337204,0.0004413975402712822,0.12931141257286072,0.510246753692627,3.405325333005749e-05
IMD063,mel,nv,0.1422143280506134,0.8210169076919556,0.011935203336179256,0.8210169076919556,nv,nv,0.3690226972103119,0.6119918823242188,3.775679579121061e-05,0.6119918823242188,nv,False,0.2268083691596985,0.000416932423831895,0.0007011410780251026,0.023181477561593056,0.0005339817143976688,0.1422143280506134,0.8210169076919556,0.011935203336179256,0.000245738890953362,6.5870967773662414e-06,0.018653294071555138,4.2126008338527754e-05,0.3690226972103119,0.6119918823242188,3.775679579121061e-05
IMD064,mel,nv,0.25654563307762146,0.7160854935646057,0.0019984289538115263,0.7160854935646057,nv,mel,0.504935085773468,0.34313496947288513,5.1127939514117315e-05,0.504935085773468,mel,True,0.24838945269584656,0.00018667017866391689,0.00017868065333459526,0.024881649762392044,0.0001234174706041813,0.25654563307762146,0.7160854935646057,0.0019984289538115263,0.012976868078112602,0.0003761086263693869,0.13818572461605072,0.0003401082067284733,0.504935085773468,0.34313496947288513,5.1127939514117315e-05
IMD065,mel,nv,0.14378587901592255,0.6900964379310608,0.0014122845605015755,0.6900964379310608,nv,nv,0.33212825655937195,0.5669506192207336,2.5114168238360435e-05,0.5669506192207336,nv,False,0.1883423775434494,0.0008252573315985501,0.00015726417768746614,0.16288001835346222,0.0008428525179624557,0.14378587901592255,0.6900964379310608,0.0014122845605015755,0.0029512206092476845,1.134222202381352e-05,0.09781944006681442,0.00011400397488614544,0.33212825655937195,0.5669506192207336,2.5114168238360435e-05
IMD080,mel,nv,0.2115681916475296,0.6317418217658997,0.03211945295333862,0.6317418217658997,nv,mel,0.4471803605556488,0.3519004285335541,2.238488377770409e-05,0.4471803605556488,mel,True,0.2356121689081192,0.0010629669995978475,0.0005939922411926091,0.12082407623529434,0.002089469227939844,0.2115681916475296,0.6317418217658997,0.03211945295333862,0.0039053841028362513,6.787862730561756e-06,0.19688473641872406,9.994403808377683e-05,0.4471803605556488,0.3519004285335541,2.238488377770409e-05
IMD085,mel,nv,0.05288604646921158,0.6245917081832886,0.006093946751207113,0.6245917081832886,nv,bkl,0.04974840581417084,0.09801101684570312,0.008554447442293167,0.34037840366363525,other,True,-0.003137640655040741,0.0031427056528627872,0.001430773176252842,0.30629420280456543,0.005560608580708504,0.05288604646921158,0.6245917081832886,0.006093946751207113,0.30219030380249023,0.08880133181810379,0.34037840366363525,0.11231604218482971,0.04974840581417084,0.09801101684570312,0.008554447442293167
IMD088,mel,nv,0.22913424670696259,0.6889316439628601,0.016687996685504913,0.6889316439628601,nv,mel,0.46297454833984375,0.193995863199234,3.759532410185784e-05,0.46297454833984375,mel,True,0.23384030163288116,0.0007840506150387228,0.0005101002752780914,0.06354310363531113,0.0004088916175533086,0.22913424670696259,0.6889316439628601,0.016687996685504913,0.025492580607533455,8.518539107171819e-05,0.317229688167572,0.0001845233200583607,0.46297454833984375,0.193995863199234,3.759532410185784e-05
IMD090,mel,nv,0.34601473808288574,0.5960278511047363,0.01584814116358757,0.5960278511047363,nv,mel,0.5477442145347595,0.2669104039669037,7.076691690599546e-05,0.5477442145347595,mel,True,0.20172947645187378,0.0004663902800530195,0.00013497451436705887,0.04039280116558075,0.0011151210637763143,0.34601473808288574,0.5960278511047363,0.01584814116358757,0.01616988144814968,7.775946869514883e-05,0.1684909462928772,0.0005360662471503019,0.5477442145347595,0.2669104039669037,7.076691690599546e-05
IMD091,mel,nv,0.21417084336280823,0.4739595353603363,0.0019794348627328873,0.4739595353603363,nv,vasc,0.004133270587772131,0.0463436022400856,0.8847665786743164,0.8847665786743164,other,True,-0.21003757417201996,0.047224223613739014,0.0038712492678314447,0.25590813159942627,0.0028865777421742678,0.21417084336280823,0.4739595353603363,0.0019794348627328873,7.687394827371463e-05,0.0005171697703190148,0.0019287057220935822,0.06223388761281967,0.004133270587772131,0.0463436022400856,0.8847665786743164
IMD168,mel,nv,0.19134344160556793,0.6910404562950134,0.015821272507309914,0.6910404562950134,nv,nv,0.10348254442214966,0.5366936326026917,0.12937191128730774,0.5366936326026917,nv,False,-0.08786089718341827,0.0008949944749474525,0.00019609645823948085,0.09971202909946442,0.0009917359566316009,0.19134344160556793,0.6910404562950134,0.015821272507309914,0.0036522182635962963,0.02357318624854088,0.19662553071975708,0.0066009750589728355,0.10348254442214966,0.5366936326026917,0.12937191128730774
IMD211,mel,nv,0.17187519371509552,0.6296520829200745,0.01219647191464901,0.6296520829200745,nv,nv,0.1464909464120865,0.7816118001937866,0.0009386481251567602,0.7816118001937866,nv,False,-0.025384247303009033,0.000738085072953254,0.00206868932582438,0.18292894959449768,0.0005405236734077334,0.17187519371509552,0.6296520829200745,0.01219647191464901,0.0006603896617889404,4.2656527512008324e-05,0.06938449293375015,0.0008709906251169741,0.1464909464120865,0.7816118001937866,0.0009386481251567602
IMD219,mel,nv,0.2992328703403473,0.6766245365142822,0.0031605656258761883,0.6766245365142822,nv,mel,0.6357197761535645,0.13236144185066223,9.947562830348033e-06,0.6357197761535645,mel,True,0.33648690581321716,0.0005085511947982013,9.014868555823341e-05,0.02009442448616028,0.0002888311864808202,0.2992328703403473,0.6766245365142822,0.0031605656258761883,0.05035955831408501,0.0001411654520779848,0.18123647570610046,0.00017162927542813122,0.6357197761535645,0.13236144185066223,9.947562830348033e-06
IMD240,mel,nv,0.12174221873283386,0.817847490310669,0.016369562596082687,0.817847490310669,nv,nv,0.29579269886016846,0.3846743702888489,0.004867871757596731,0.3846743702888489,nv,False,0.1740504801273346,7.215440564323217e-05,0.00012018082634313032,0.0434003584086895,0.0004480083880480379,0.12174221873283386,0.817847490310669,0.016369562596082687,0.004566676914691925,0.0021980400197207928,0.30658650398254395,0.0013138903304934502,0.29579269886016846,0.3846743702888489,0.004867871757596731
IMD242,mel,nv,0.29018840193748474,0.6808660626411438,0.007818073034286499,0.6808660626411438,nv,mel,0.4731725752353668,0.13776223361492157,0.00010916392056969926,0.4731725752353668,mel,True,0.18298417329788208,0.0002566642069723457,8.97954887477681e-05,0.020407944917678833,0.00037313802749849856,0.29018840193748474,0.6808660626411438,0.007818073034286499,0.07014086097478867,0.00045246153604239225,0.3169630467891693,0.0013995760818943381,0.4731725752353668,0.13776223361492157,0.00010916392056969926
IMD284,mel,nv,0.2013188898563385,0.7335374355316162,0.0011666060891002417,0.7335374355316162,nv,mel,0.45131129026412964,0.10946030169725418,0.000670348759740591,0.45131129026412964,mel,True,0.24999240040779114,0.0006756693474017084,0.00026575414813123643,0.0625406801700592,0.0004949623253196478,0.2013188898563385,0.7335374355316162,0.0011666060891002417,0.08550504595041275,0.0035574412904679775,0.33452796936035156,0.014967596158385277,0.45131129026412964,0.10946030169725418,0.000670348759740591
IMD285,mel,nv,0.1560695320367813,0.7906730771064758,0.027404779568314552,0.7906730771064758,nv,nv,0.1417146921157837,0.8515979647636414,7.459941843990237e-05,0.8515979647636414,nv,False,-0.01435483992099762,0.0001813569397199899,0.00011973798973485827,0.02517719566822052,0.00037442418397404253,0.1560695320367813,0.7906730771064758,0.027404779568314552,0.0010356544516980648,2.015951213252265e-05,0.004222026094794273,0.0013348523061722517,0.1417146921157837,0.8515979647636414,7.459941843990237e-05
IMD348,mel,nv,0.28161486983299255,0.623655378818512,0.0004418548778630793,0.623655378818512,nv,mel,0.3388076722621918,0.29999253153800964,0.00010124616528628394,0.3388076722621918,mel,True,0.05719280242919922,0.0011984058655798435,0.00027082522865384817,0.09264904260635376,0.00016961537767201662,0.28161486983299255,0.623655378818512,0.0004418548778630793,0.035033032298088074,0.0001455061137676239,0.32508403062820435,0.0008360006031580269,0.3388076722621918,0.29999253153800964,0.00010124616528628394
IMD349,mel,nv,0.21388672292232513,0.48344331979751587,0.2016325443983078,0.48344331979751587,nv,mel,0.7331758737564087,0.14653678238391876,3.766960071516223e-05,0.7331758737564087,mel,True,0.5192891359329224,0.002495099790394306,0.003102261107414961,0.04934217035770416,0.04609785974025726,0.21388672292232513,0.48344331979751587,0.2016325443983078,0.007545579690486193,4.28732018917799e-05,0.11239200085401535,0.00026920775417238474,0.7331758737564087,0.14653678238391876,3.766960071516223e-05
IMD403,mel,nv,0.1036105826497078,0.8023589253425598,0.002709871856495738,0.8023589253425598,nv,mel,0.5356717109680176,0.20928692817687988,2.675418545550201e-05,0.5356717109680176,mel,True,0.4320611357688904,0.00013967507402412593,7.449123222613707e-05,0.09076093882322311,0.0003454438701737672,0.1036105826497078,0.8023589253425598,0.002709871856495738,0.05448146164417267,0.00027225687517784536,0.1994178593158722,0.0008429753943346441,0.5356717109680176,0.20928692817687988,2.675418545550201e-05
IMD404,mel,nv,0.046201109886169434,0.6976688504219055,0.11373365670442581,0.6976688504219055,nv,bkl,0.32944348454475403,0.07821933925151825,0.00014852169260848314,0.533296525478363,other,True,0.2832423746585846,0.00031373725505545735,0.0003956700093112886,0.12314045429229736,0.01854654774069786,0.046201109886169434,0.6976688504219055,0.11373365670442581,0.05612066388130188,0.0016133282333612442,0.533296525478363,0.0011581435101106763,0.32944348454475403,0.07821933925151825,0.00014852169260848314
IMD405,mel,nv,0.1782812923192978,0.6491526961326599,0.15020011365413666,0.6491526961326599,nv,nv,0.37440618872642517,0.5084264278411865,0.0012382189743220806,0.5084264278411865,nv,False,0.19612489640712738,9.375670924782753e-05,0.00023156263341661543,0.02126459591090679,0.000776045024394989,0.1782812923192978,0.6491526961326599,0.15020011365413666,0.0017816832987591624,0.0004126385319977999,0.11326982825994492,0.0004650738264899701,0.37440618872642517,0.5084264278411865,0.0012382189743220806
IMD407,mel,nv,0.058962635695934296,0.7353758215904236,0.09453129768371582,0.7353758215904236,nv,mel,0.4819907248020172,0.3184623420238495,0.00013894714356865734,0.4819907248020172,mel,True,0.4230280816555023,0.00047625022125430405,0.0008505609002895653,0.0910782516002655,0.018725138157606125,0.058962635695934296,0.7353758215904236,0.09453129768371582,0.0034896880388259888,0.0001164436325780116,0.19558395445346832,0.0002178723516408354,0.4819907248020172,0.3184623420238495,0.00013894714356865734
IMD408,mel,nv,0.06611853092908859,0.8278140425682068,0.0027058240957558155,0.8278140425682068,nv,mel,0.33919206261634827,0.32269033789634705,2.557544576120563e-05,0.33919206261634827,mel,True,0.2730735242366791,0.0007035438902676105,0.00036184920463711023,0.09785795956850052,0.004438268952071667,0.06611853092908859,0.8278140425682068,0.0027058240957558155,0.17076849937438965,0.00014504394493997097,0.16694548726081848,0.0002330106945009902,0.33919206261634827,0.32269033789634705,2.557544576120563e-05
IMD409,mel,nv,0.26967230439186096,0.6281183362007141,0.009524733759462833,0.6281183362007141,nv,mel,0.5675659775733948,0.21419095993041992,0.00010979334183502942,0.5675659775733948,mel,True,0.2978936731815338,0.0014616106636822224,0.0008761667995713651,0.08935607969760895,0.000990886939689517,0.26967230439186096,0.6281183362007141,0.009524733759462833,0.03215936943888664,0.0010617024963721633,0.18420623242855072,0.0007060228963382542,0.5675659775733948,0.21419095993041992,0.00010979334183502942
IMD410,mel,nv,0.2770172655582428,0.4901963174343109,0.17447975277900696,0.4901963174343109,nv,mel,0.5416848659515381,0.4036625325679779,9.246384433936328e-05,0.5416848659515381,mel,True,0.2646676003932953,0.0002854168997146189,0.0006091524846851826,0.05230286344885826,0.005109158810228109,0.2770172655582428,0.4901963174343109,0.17447975277900696,0.002427509054541588,0.00012776364746969193,0.051621418446302414,0.0003833934897556901,0.5416848659515381,0.4036625325679779,9.246384433936328e-05
IMD413,mel,nv,0.13810095191001892,0.8406807780265808,0.013107412494719028,0.8406807780265808,nv,bkl,0.012531351298093796,0.3475217819213867,9.281004167860374e-05,0.42779573798179626,other,True,-0.12556959688663483,8.337599865626544e-05,2.3199201677925885e-05,0.007650171872228384,0.00035414169542491436,0.13810095191001892,0.8406807780265808,0.013107412494719028,0.20550930500030518,0.0025369233917444944,0.42779573798179626,0.004012048244476318,0.012531351298093796,0.3475217819213867,9.281004167860374e-05
IMD417,mel,nv,0.22432641685009003,0.6861757040023804,0.004611288197338581,0.6861757040023804,nv,bkl,0.11695436388254166,0.1468680500984192,0.001030294573865831,0.5784135460853577,other,True,-0.10737205296754837,0.0006956167635507882,0.0002969483321066946,0.08348958939313889,0.0004045021196361631,0.22432641685009003,0.6861757040023804,0.004611288197338581,0.1427501142024994,0.002131375018507242,0.5784135460853577,0.01185227744281292,0.11695436388254166,0.1468680500984192,0.001030294573865831
IMD418,mel,nv,0.04477299377322197,0.7897794842720032,0.005069959443062544,0.7897794842720032,nv,nv,0.15484003722667694,0.6411066055297852,0.0001377418084302917,0.6411066055297852,nv,False,0.11006703972816467,0.0003078491135966033,0.0007105954573489726,0.1582392454147339,0.001119803637266159,0.04477299377322197,0.7897794842720032,0.005069959443062544,0.0948057770729065,0.0014093936188146472,0.0988239049911499,0.00887661799788475,0.15484003722667694,0.6411066055297852,0.0001377418084302917
IMD419,mel,nv,0.2624770402908325,0.7021675109863281,0.00047961191739887,0.7021675109863281,nv,nv,0.19692525267601013,0.7391919493675232,2.2500733393826522e-05,0.7391919493675232,nv,False,-0.06555178761482239,0.0006566148367710412,7.745654147583991e-05,0.03407778590917587,6.39422214590013e-05,0.2624770402908325,0.7021675109863281,0.00047961191739887,0.007541098166257143,2.2425498173106462e-05,0.05584830418229103,0.00044855015585199,0.19692525267601013,0.7391919493675232,2.2500733393826522e-05
IMD406,mel,nv,0.2857268154621124,0.5943151712417603,0.057400673627853394,0.5943151712417603,nv,mel,0.5107160806655884,0.45743343234062195,5.3016749006928876e-05,0.5107160806655884,mel,True,0.22498926520347595,0.0006352484342642128,0.0007522844825871289,0.048621103167533875,0.012548737227916718,0.2857268154621124,0.5943151712417603,0.057400673627853394,0.0021575361024588346,3.3210686524398625e-05,0.029316142201423645,0.0002906041336245835,0.5107160806655884,0.45743343234062195,5.3016749006928876e-05
IMD411,mel,nv,0.17760229110717773,0.7389370799064636,0.0009576742304489017,0.7389370799064636,nv,nv,0.025485560297966003,0.4870419502258301,0.008502954617142677,0.4870419502258301,nv,False,-0.15211673080921173,0.00037516976590268314,5.667734149028547e-05,0.08188802003860474,0.0001831116824178025,0.17760229110717773,0.7389370799064636,0.0009576742304489017,0.012142153456807137,0.003771004965528846,0.37329569458961487,0.08976064622402191,0.025485560297966003,0.4870419502258301,0.008502954617142677
IMD420,mel,vasc,0.1461458057165146,0.22071272134780884,0.6097610592842102,0.6097610592842102,other,bkl,0.2364153265953064,0.374211847782135,0.0007447670795954764,0.3774375319480896,other,True,0.09026952087879181,0.0006032789824530482,0.0023480418603867292,0.016046520322561264,0.004382598679512739,0.1461458057165146,0.22071272134780884,0.6097610592842102,0.009299620054662228,0.00020249075896572322,0.3774375319480896,0.0016883753705769777,0.2364153265953064,0.374211847782135,0.0007447670795954764
IMD421,mel,vasc,0.23685503005981445,0.13741174340248108,0.5825330018997192,0.5825330018997192,other,mel,0.6003381013870239,0.16789060831069946,9.704514377517626e-05,0.6003381013870239,mel,True,0.3634830713272095,0.0023581325076520443,0.005582772195339203,0.024747604504227638,0.01051176618784666,0.23685503005981445,0.13741174340248108,0.5825330018997192,0.00996064580976963,0.0001304331817664206,0.22107543051242828,0.0005077613750472665,0.6003381013870239,0.16789060831069946,9.704514377517626e-05
IMD423,mel,nv,0.11944713443517685,0.8575453162193298,0.0038990764878690243,0.8575453162193298,nv,nv,0.3102934956550598,0.6886879205703735,4.8282952775480226e-05,0.6886879205703735,nv,False,0.19084635376930237,0.00011693664418999106,0.00024853067588992417,0.017357826232910156,0.0013852318516001105,0.11944713443517685,0.8575453162193298,0.0038990764878690243,0.0001431775017408654,1.6303511074511334e-05,0.0007535388576798141,5.7260869652964175e-05,0.3102934956550598,0.6886879205703735,4.8282952775480226e-05
IMD424,mel,nv,0.10218227654695511,0.7168099880218506,0.0008316076709888875,0.7168099880218506,nv,nv,0.20827819406986237,0.6396135091781616,0.007891961373388767,0.6396135091781616,nv,False,0.10609591752290726,0.0010304698953405023,0.0004248688346706331,0.17777669429779053,0.0009440750582143664,0.10218227654695511,0.7168099880218506,0.0008316076709888875,0.007867984473705292,0.0013403133489191532,0.1304551362991333,0.004552934318780899,0.20827819406986237,0.6396135091781616,0.007891961373388767
IMD425,mel,nv,0.13560722768306732,0.7085482478141785,0.12779994308948517,0.7085482478141785,nv,mel,0.4848698377609253,0.37321239709854126,0.0001635701337363571,0.4848698377609253,mel,True,0.3492625951766968,0.00022018344316165894,0.0005948849720880389,0.024133119732141495,0.00309642031788826,0.13560722768306732,0.7085482478141785,0.12779994308948517,0.006315896287560463,6.91163440933451e-05,0.13497686386108398,0.00039229929097928107,0.4848698377609253,0.37321239709854126,0.0001635701337363571
IMD426,mel,vasc,0.08226030319929123,0.2445257008075714,0.6611890196800232,0.6611890196800232,other,mel,0.5828171372413635,0.29485198855400085,6.484690675279126e-05,0.5828171372413635,mel,True,0.5005568265914917,8.138612611219287e-05,0.0004041111678816378,0.010517803952097893,0.0010216800728812814,0.08226030319929123,0.2445257008075714,0.6611890196800232,0.019606677815318108,0.0001714181125862524,0.1017489805817604,0.000738963601179421,0.5828171372413635,0.29485198855400085,6.484690675279126e-05
IMD429,mel,nv,0.2176610678434372,0.5041869282722473,0.11105100065469742,0.5041869282722473,nv,nv,0.43840789794921875,0.5136678814888,0.004473971202969551,0.5136678814888,nv,False,0.22074683010578156,0.007522227242588997,0.01040125172585249,0.0991436094045639,0.05003393068909645,0.2176610678434372,0.5041869282722473,0.11105100065469742,0.0027065116446465254,0.003373444778844714,0.011247782036662102,0.026122553274035454,0.43840789794921875,0.5136678814888,0.004473971202969551
IMD435,mel,nv,0.1355966031551361,0.5622158050537109,0.07432255148887634,0.5622158050537109,nv,mel,0.6847676634788513,0.08780672401189804,1.566204628034029e-05,0.6847676634788513,mel,True,0.5491710901260376,0.00862891599535942,0.00533265620470047,0.11014111340045929,0.10376228392124176,0.1355966031551361,0.5622158050537109,0.07432255148887634,0.028483204543590546,0.00019743181474041194,0.19865281879901886,7.64433789299801e-05,0.6847676634788513,0.08780672401189804,1.566204628034029e-05
