dataset,image_id,case_category,true_class,predicted_class,confidence,p_mel,lesion_centered,border_attention,background_attention,artifact_attention,corner_or_frame_attention,diffuse_attention,ambiguous,review_notes
PH2,IMD003,correct nevus,nv,nv,0.8191244602203369,0.05942416191101074,UNCERTAIN,UNCERTAIN,UNCERTAIN,UNCERTAIN,UNCERTAIN,UNCERTAIN,UNCERTAIN,Pending human visual review; no automated qualitative judgment was made.
PH2,IMD009,correct nevus,nv,nv,0.7286575436592102,0.10352238267660141,UNCERTAIN,UNCERTAIN,UNCERTAIN,UNCERTAIN,UNCERTAIN,UNCERTAIN,UNCERTAIN,Pending human visual review; no automated qualitative judgment was made.
PH2,IMD010,nevus to other,nv,bkl,0.7382360696792603,0.028318673372268677,UNCERTAIN,UNCERTAIN,UNCERTAIN,UNCERTAIN,UNCERTAIN,UNCERTAIN,UNCERTAIN,Pending human visual review; no automated qualitative judgment was made.
PH2,IMD020,nevus to other,nv,bkl,0.7517984509468079,0.017829066142439842,UNCERTAIN,UNCERTAIN,UNCERTAIN,UNCERTAIN,UNCERTAIN,UNCERTAIN,UNCERTAIN,Pending human visual review; no automated qualitative judgment was made.
PH2,IMD035,nevus to melanoma,nv,mel,0.5851919054985046,0.5851919054985046,UNCERTAIN,UNCERTAIN,UNCERTAIN,UNCERTAIN,UNCERTAIN,UNCERTAIN,UNCERTAIN,Pending human visual review; no automated qualitative judgment was made.
PH2,IMD045,nevus to melanoma,nv,mel,0.5332418084144592,0.5332418084144592,UNCERTAIN,UNCERTAIN,UNCERTAIN,UNCERTAIN,UNCERTAIN,UNCERTAIN,UNCERTAIN,Pending human visual review; no automated qualitative judgment was made.
PH2,IMD058,melanoma to other,mel,bkl,0.5199820399284363,0.09892584383487701,UNCERTAIN,UNCERTAIN,UNCERTAIN,UNCERTAIN,UNCERTAIN,UNCERTAIN,UNCERTAIN,Pending human visual review; no automated qualitative judgment was made.
PH2,IMD061,melanoma to nv,mel,nv,0.8214719891548157,0.12646986544132233,UNCERTAIN,UNCERTAIN,UNCERTAIN,UNCERTAIN,UNCERTAIN,UNCERTAIN,UNCERTAIN,Pending human visual review; no automated qualitative judgment was made.
PH2,IMD063,melanoma to nv,mel,nv,0.5247329473495483,0.10192301124334335,UNCERTAIN,UNCERTAIN,UNCERTAIN,UNCERTAIN,UNCERTAIN,UNCERTAIN,UNCERTAIN,Pending human visual review; no automated qualitative judgment was made.
PH2,IMD065,correct melanoma,mel,mel,0.4163353741168976,0.4163353741168976,UNCERTAIN,UNCERTAIN,UNCERTAIN,UNCERTAIN,UNCERTAIN,UNCERTAIN,UNCERTAIN,Pending human visual review; no automated qualitative judgment was made.
PH2,IMD085,melanoma to other,mel,bkl,0.6555670499801636,0.019815750420093536,UNCERTAIN,UNCERTAIN,UNCERTAIN,UNCERTAIN,UNCERTAIN,UNCERTAIN,UNCERTAIN,Pending human visual review; no automated qualitative judgment was made.
PH2,IMD168,correct melanoma,mel,mel,0.39903783798217773,0.39903783798217773,UNCERTAIN,UNCERTAIN,UNCERTAIN,UNCERTAIN,UNCERTAIN,UNCERTAIN,UNCERTAIN,Pending human visual review; no automated qualitative judgment was made.
