dataset,image_id,case_category,true_class,predicted_class,correct,confidence,p_mel,saved_probabilities,reproduced_probabilities,max_abs_probability_difference,predicted_target_class,true_target_class,true_equals_predicted,true_map_reused,checkpoint_sha256,split_sha256,selected_epoch,target_layer,preprocessing,runtime,gpu,generated_files
PH2,IMD003,correct nevus,nv,nv,True,0.8191244602203369,0.05942416191101074,"[0.013021925464272499,0.0021403522696346045,0.10192646831274033,0.0021195521112531424,0.05942416191101074,0.8191244602203369,0.0022430699318647385]","[0.013021925464272499,0.0021403522696346045,0.10192646831274033,0.0021195521112531424,0.05942416191101074,0.8191244602203369,0.0022430699318647385]",0.0,nv,nv,True,True,81d567f533d08286d5e599b90512d96e92c413ad74c7f4f941d81fc7bb46de3a,f1c04c5ef5b54372c667daf0aebc29e6f24743c6c2cc094f16e2c4e679149883,15,model.features[-1],Frozen PH2 HAM-matched pipeline from experiments/ph2_external_eval_exp5/run_external_eval.py,"Python 3.13.15, PyTorch 2.11.0+cu128, torchvision 0.26.0+cu128, CUDA 12.8",Tesla T4,"[""ph2_cases/IMD003/input.png"",""ph2_cases/IMD003/predicted_heatmap.png"",""ph2_cases/IMD003/predicted_overlay.png"",""ph2_cases/IMD003/true_heatmap.png"",""ph2_cases/IMD003/true_overlay.png""]"
PH2,IMD009,correct nevus,nv,nv,True,0.7286575436592102,0.10352238267660141,"[0.00569530064240098,0.0010412507690489292,0.139032781124115,0.02089366503059864,0.10352238267660141,0.7286575436592102,0.0011570705100893974]","[0.00569530064240098,0.0010412507690489292,0.139032781124115,0.02089366503059864,0.10352238267660141,0.7286575436592102,0.0011570705100893974]",0.0,nv,nv,True,True,81d567f533d08286d5e599b90512d96e92c413ad74c7f4f941d81fc7bb46de3a,f1c04c5ef5b54372c667daf0aebc29e6f24743c6c2cc094f16e2c4e679149883,15,model.features[-1],Frozen PH2 HAM-matched pipeline from experiments/ph2_external_eval_exp5/run_external_eval.py,"Python 3.13.15, PyTorch 2.11.0+cu128, torchvision 0.26.0+cu128, CUDA 12.8",Tesla T4,"[""ph2_cases/IMD009/input.png"",""ph2_cases/IMD009/predicted_heatmap.png"",""ph2_cases/IMD009/predicted_overlay.png"",""ph2_cases/IMD009/true_heatmap.png"",""ph2_cases/IMD009/true_overlay.png""]"
PH2,IMD010,nevus to other,nv,bkl,False,0.7382360696792603,0.028318673372268677,"[0.006226864643394947,0.00219010841101408,0.7382360696792603,0.04042621701955795,0.028318673372268677,0.15973272919654846,0.024869410321116447]","[0.006226864643394947,0.00219010841101408,0.7382360696792603,0.04042621701955795,0.028318673372268677,0.15973272919654846,0.024869410321116447]",0.0,bkl,nv,False,False,81d567f533d08286d5e599b90512d96e92c413ad74c7f4f941d81fc7bb46de3a,f1c04c5ef5b54372c667daf0aebc29e6f24743c6c2cc094f16e2c4e679149883,15,model.features[-1],Frozen PH2 HAM-matched pipeline from experiments/ph2_external_eval_exp5/run_external_eval.py,"Python 3.13.15, PyTorch 2.11.0+cu128, torchvision 0.26.0+cu128, CUDA 12.8",Tesla T4,"[""ph2_cases/IMD010/input.png"",""ph2_cases/IMD010/predicted_heatmap.png"",""ph2_cases/IMD010/predicted_overlay.png"",""ph2_cases/IMD010/true_heatmap.png"",""ph2_cases/IMD010/true_overlay.png""]"
PH2,IMD020,nevus to other,nv,bkl,False,0.7517984509468079,0.017829066142439842,"[0.00010330083750886843,0.0002627595386002213,0.7517984509468079,0.00017640840087551624,0.017829066142439842,0.2292855679988861,0.0005444383714348078]","[0.00010330083750886843,0.0002627595386002213,0.7517984509468079,0.00017640840087551624,0.017829066142439842,0.2292855679988861,0.0005444383714348078]",0.0,bkl,nv,False,False,81d567f533d08286d5e599b90512d96e92c413ad74c7f4f941d81fc7bb46de3a,f1c04c5ef5b54372c667daf0aebc29e6f24743c6c2cc094f16e2c4e679149883,15,model.features[-1],Frozen PH2 HAM-matched pipeline from experiments/ph2_external_eval_exp5/run_external_eval.py,"Python 3.13.15, PyTorch 2.11.0+cu128, torchvision 0.26.0+cu128, CUDA 12.8",Tesla T4,"[""ph2_cases/IMD020/input.png"",""ph2_cases/IMD020/predicted_heatmap.png"",""ph2_cases/IMD020/predicted_overlay.png"",""ph2_cases/IMD020/true_heatmap.png"",""ph2_cases/IMD020/true_overlay.png""]"
PH2,IMD035,nevus to melanoma,nv,mel,False,0.5851919054985046,0.5851919054985046,"[0.008106311783194542,0.00989333912730217,0.06258128583431244,0.007467884570360184,0.5851919054985046,0.3257083594799042,0.0010509287239983678]","[0.008106311783194542,0.00989333912730217,0.06258128583431244,0.007467884570360184,0.5851919054985046,0.3257083594799042,0.0010509287239983678]",0.0,mel,nv,False,False,81d567f533d08286d5e599b90512d96e92c413ad74c7f4f941d81fc7bb46de3a,f1c04c5ef5b54372c667daf0aebc29e6f24743c6c2cc094f16e2c4e679149883,15,model.features[-1],Frozen PH2 HAM-matched pipeline from experiments/ph2_external_eval_exp5/run_external_eval.py,"Python 3.13.15, PyTorch 2.11.0+cu128, torchvision 0.26.0+cu128, CUDA 12.8",Tesla T4,"[""ph2_cases/IMD035/input.png"",""ph2_cases/IMD035/predicted_heatmap.png"",""ph2_cases/IMD035/predicted_overlay.png"",""ph2_cases/IMD035/true_heatmap.png"",""ph2_cases/IMD035/true_overlay.png""]"
PH2,IMD045,nevus to melanoma,nv,mel,False,0.5332418084144592,0.5332418084144592,"[0.0006292589823715389,0.0007428977987729013,0.10717713087797165,0.0006243619718588889,0.5332418084144592,0.35730308294296265,0.0002814220206346363]","[0.0006292589823715389,0.0007428977987729013,0.10717713087797165,0.0006243619718588889,0.5332418084144592,0.35730308294296265,0.0002814220206346363]",0.0,mel,nv,False,False,81d567f533d08286d5e599b90512d96e92c413ad74c7f4f941d81fc7bb46de3a,f1c04c5ef5b54372c667daf0aebc29e6f24743c6c2cc094f16e2c4e679149883,15,model.features[-1],Frozen PH2 HAM-matched pipeline from experiments/ph2_external_eval_exp5/run_external_eval.py,"Python 3.13.15, PyTorch 2.11.0+cu128, torchvision 0.26.0+cu128, CUDA 12.8",Tesla T4,"[""ph2_cases/IMD045/input.png"",""ph2_cases/IMD045/predicted_heatmap.png"",""ph2_cases/IMD045/predicted_overlay.png"",""ph2_cases/IMD045/true_heatmap.png"",""ph2_cases/IMD045/true_overlay.png""]"
PH2,IMD058,melanoma to other,mel,bkl,False,0.5199820399284363,0.09892584383487701,"[0.006233676336705685,0.05058808997273445,0.5199820399284363,0.025913676247000694,0.09892584383487701,0.2591122090816498,0.03924444317817688]","[0.006233676336705685,0.05058808997273445,0.5199820399284363,0.025913676247000694,0.09892584383487701,0.2591122090816498,0.03924444317817688]",0.0,bkl,mel,False,False,81d567f533d08286d5e599b90512d96e92c413ad74c7f4f941d81fc7bb46de3a,f1c04c5ef5b54372c667daf0aebc29e6f24743c6c2cc094f16e2c4e679149883,15,model.features[-1],Frozen PH2 HAM-matched pipeline from experiments/ph2_external_eval_exp5/run_external_eval.py,"Python 3.13.15, PyTorch 2.11.0+cu128, torchvision 0.26.0+cu128, CUDA 12.8",Tesla T4,"[""ph2_cases/IMD058/input.png"",""ph2_cases/IMD058/predicted_heatmap.png"",""ph2_cases/IMD058/predicted_overlay.png"",""ph2_cases/IMD058/true_heatmap.png"",""ph2_cases/IMD058/true_overlay.png""]"
PH2,IMD061,melanoma to nv,mel,nv,False,0.8214719891548157,0.12646986544132233,"[0.001674953382462263,0.0011534281075000763,0.03263116255402565,0.012719408608973026,0.12646986544132233,0.8214719891548157,0.0038792004343122244]","[0.001674953382462263,0.0011534281075000763,0.03263116255402565,0.012719408608973026,0.12646986544132233,0.8214719891548157,0.0038792004343122244]",0.0,nv,mel,False,False,81d567f533d08286d5e599b90512d96e92c413ad74c7f4f941d81fc7bb46de3a,f1c04c5ef5b54372c667daf0aebc29e6f24743c6c2cc094f16e2c4e679149883,15,model.features[-1],Frozen PH2 HAM-matched pipeline from experiments/ph2_external_eval_exp5/run_external_eval.py,"Python 3.13.15, PyTorch 2.11.0+cu128, torchvision 0.26.0+cu128, CUDA 12.8",Tesla T4,"[""ph2_cases/IMD061/input.png"",""ph2_cases/IMD061/predicted_heatmap.png"",""ph2_cases/IMD061/predicted_overlay.png"",""ph2_cases/IMD061/true_heatmap.png"",""ph2_cases/IMD061/true_overlay.png""]"
PH2,IMD063,melanoma to nv,mel,nv,False,0.5247329473495483,0.10192301124334335,"[0.0003604819066822529,2.1733347239205614e-05,0.3720913827419281,0.0003777817764785141,0.10192301124334335,0.5247329473495483,0.0004927202826365829]","[0.0003604819066822529,2.1733347239205614e-05,0.3720913827419281,0.0003777817764785141,0.10192301124334335,0.5247329473495483,0.0004927202826365829]",0.0,nv,mel,False,False,81d567f533d08286d5e599b90512d96e92c413ad74c7f4f941d81fc7bb46de3a,f1c04c5ef5b54372c667daf0aebc29e6f24743c6c2cc094f16e2c4e679149883,15,model.features[-1],Frozen PH2 HAM-matched pipeline from experiments/ph2_external_eval_exp5/run_external_eval.py,"Python 3.13.15, PyTorch 2.11.0+cu128, torchvision 0.26.0+cu128, CUDA 12.8",Tesla T4,"[""ph2_cases/IMD063/input.png"",""ph2_cases/IMD063/predicted_heatmap.png"",""ph2_cases/IMD063/predicted_overlay.png"",""ph2_cases/IMD063/true_heatmap.png"",""ph2_cases/IMD063/true_overlay.png""]"
PH2,IMD065,correct melanoma,mel,mel,True,0.4163353741168976,0.4163353741168976,"[0.0009470092481933534,0.0005343458615243435,0.21202123165130615,0.0009656873880885541,0.4163353741168976,0.3688527047634125,0.0003436545666772872]","[0.0009470092481933534,0.0005343458615243435,0.21202123165130615,0.0009656873880885541,0.4163353741168976,0.3688527047634125,0.0003436545666772872]",0.0,mel,mel,True,True,81d567f533d08286d5e599b90512d96e92c413ad74c7f4f941d81fc7bb46de3a,f1c04c5ef5b54372c667daf0aebc29e6f24743c6c2cc094f16e2c4e679149883,15,model.features[-1],Frozen PH2 HAM-matched pipeline from experiments/ph2_external_eval_exp5/run_external_eval.py,"Python 3.13.15, PyTorch 2.11.0+cu128, torchvision 0.26.0+cu128, CUDA 12.8",Tesla T4,"[""ph2_cases/IMD065/input.png"",""ph2_cases/IMD065/predicted_heatmap.png"",""ph2_cases/IMD065/predicted_overlay.png"",""ph2_cases/IMD065/true_heatmap.png"",""ph2_cases/IMD065/true_overlay.png""]"
PH2,IMD085,melanoma to other,mel,bkl,False,0.6555670499801636,0.019815750420093536,"[0.07357728481292725,0.008092756383121014,0.6555670499801636,0.004966364707797766,0.019815750420093536,0.2360435426235199,0.0019372740061953664]","[0.07357728481292725,0.008092756383121014,0.6555670499801636,0.004966364707797766,0.019815750420093536,0.2360435426235199,0.0019372740061953664]",0.0,bkl,mel,False,False,81d567f533d08286d5e599b90512d96e92c413ad74c7f4f941d81fc7bb46de3a,f1c04c5ef5b54372c667daf0aebc29e6f24743c6c2cc094f16e2c4e679149883,15,model.features[-1],Frozen PH2 HAM-matched pipeline from experiments/ph2_external_eval_exp5/run_external_eval.py,"Python 3.13.15, PyTorch 2.11.0+cu128, torchvision 0.26.0+cu128, CUDA 12.8",Tesla T4,"[""ph2_cases/IMD085/input.png"",""ph2_cases/IMD085/predicted_heatmap.png"",""ph2_cases/IMD085/predicted_overlay.png"",""ph2_cases/IMD085/true_heatmap.png"",""ph2_cases/IMD085/true_overlay.png""]"
PH2,IMD168,correct melanoma,mel,mel,True,0.39903783798217773,0.39903783798217773,"[0.0016564574325457215,0.175442174077034,0.10959809273481369,0.009131340309977531,0.39903783798217773,0.1843225061893463,0.1208115741610527]","[0.0016564574325457215,0.175442174077034,0.10959809273481369,0.009131340309977531,0.39903783798217773,0.1843225061893463,0.1208115741610527]",0.0,mel,mel,True,True,81d567f533d08286d5e599b90512d96e92c413ad74c7f4f941d81fc7bb46de3a,f1c04c5ef5b54372c667daf0aebc29e6f24743c6c2cc094f16e2c4e679149883,15,model.features[-1],Frozen PH2 HAM-matched pipeline from experiments/ph2_external_eval_exp5/run_external_eval.py,"Python 3.13.15, PyTorch 2.11.0+cu128, torchvision 0.26.0+cu128, CUDA 12.8",Tesla T4,"[""ph2_cases/IMD168/input.png"",""ph2_cases/IMD168/predicted_heatmap.png"",""ph2_cases/IMD168/predicted_overlay.png"",""ph2_cases/IMD168/true_heatmap.png"",""ph2_cases/IMD168/true_overlay.png""]"
