stratum,feature,ham_n,ph2_n,ham_mean,ham_median,ham_std,ham_q1,ham_q3,ham_iqr,ph2_mean,ph2_median,ph2_std,ph2_q1,ph2_q3,ph2_iqr,mean_difference_ham_minus_ph2,smd_ham_minus_ph2
all,native_width,783,120,600.0,600.0,0.0,600.0,600.0,0.0,766.475,767.0,1.5227269876742835,765.0,767.0,2.0,-166.47500000000002,
all,native_height,783,120,450.0,450.0,0.0,450.0,450.0,0.0,575.5,576.0,1.0289915108550531,575.0,576.0,1.0,-125.5,
all,native_aspect_ratio,783,120,1.3333333333333333,1.3333333333333333,0.0,1.3333333333333333,1.3333333333333333,0.0,1.331843175782582,1.3315972222222223,0.0021939532820944357,1.3315972222222223,1.3333333333333333,0.0017361111111109384,0.0014901575507513254,
all,brightness,783,120,55.19525253016576,52.95115831163194,21.047163687860937,41.69847276475694,67.65773179796008,25.95925903320314,65.90862432409216,57.79314507378472,27.152278022622887,43.58002726236979,86.12538316514757,42.54535590277778,-10.713371793926399,-0.48805765579847543
all,contrast,783,120,48.87411902081967,48.10787829887435,9.386400861321652,42.260803453938024,55.12128257088935,12.860479116951325,46.667307565302025,45.617073273900026,6.437941078905151,41.56052309004421,50.87624934416747,9.315726254123263,2.206811455517645,0.24378746495882067
all,sharpness,783,120,195.7685451749467,154.095654308382,166.90563776029092,96.16133273142262,240.05934530625376,143.89801257483114,168.87679496296133,138.15561088142385,110.06396874280341,81.1990100974447,215.41501577598632,134.21600567854162,26.891750211985368,0.16749158857900856
all,saturation,783,120,0.3624950323693228,0.35652195882693355,0.08079455302485418,0.3094744248068151,0.40882251880787035,0.09934809400105526,0.4272961168697803,0.43870664775241697,0.08836129843592613,0.3651696365123741,0.4939558241102431,0.12878618759786897,-0.06480108450045752,-0.7918597206420313
all,dark_pixel_ratio,783,120,0.4154087985274097,0.3833346896701389,0.260110490334393,0.192657470703125,0.6075405544704862,0.41488308376736116,0.32906313295717593,0.2964918348524306,0.25632667709935336,0.050315009223090276,0.5630001491970487,0.5126851399739584,0.08634566557023376,0.33259261081900965
all,bright_pixel_ratio,783,120,0.01905994461295587,0.018093532986111112,0.005787588369083202,0.014984130859375,0.022013346354166664,0.007029215494791664,0.017148618344907406,0.016181098090277776,0.004651250321152485,0.014009263780381944,0.018208821614583332,0.004199557834201388,0.0019113262680484633,0.33825078638828593
all,entropy,783,120,6.608665140197508,6.700150629628612,0.7514777433101629,6.2616168093114375,7.153443976034198,0.8918271667227602,6.756590364964725,6.694734839147841,0.5386890575096933,6.289655868384365,7.248945913017859,0.9592900446334935,-0.14792522476721714,-0.20348682044334626
all,illumination_variation,783,120,0.9393155535171593,0.8724209334091053,0.42086209821086523,0.6866297225645,1.0754166512362768,0.3887869286717769,0.7294405146605316,0.747113357356044,0.25966174338983855,0.4954431054346895,0.9499436582600197,0.4545005528253302,0.20987503885662773,0.5204179477503639
all,rgb_mean_r,783,120,57.78121292159728,54.613972981770836,23.855299267150297,42.25597466362847,72.69447496202257,30.438500298394096,52.07975463867187,42.256317138671875,24.442529755959992,32.584716796875,66.30055745442709,33.71584065755209,5.701458282925408,0.2382190021995667
all,rgb_mean_g,783,120,53.392957890644404,51.505391438802086,20.842891665116635,39.65156385633681,65.45985243055556,25.80828857421875,70.40318784360534,62.386203342013886,29.00528672578733,45.931516859266495,91.025633070204,45.0941162109375,-17.010229952960934,-0.7698867301456104
all,rgb_mean_b,783,120,57.714878403279435,56.068393283420136,21.609304976867026,42.20762803819444,71.35731675889757,29.149688720703125,79.04309070728442,73.46629503038194,27.254599731414377,56.0384029812283,100.80383639865451,44.76543341742621,-21.328212304004985,-0.9506045887709881
all,rgb_std_r,783,120,46.87465766120956,46.19287737530699,8.569311493800248,40.81814081717076,52.00170509642578,11.183564279255023,45.68485041751783,44.173099794282024,6.893613849529546,40.971882210678736,49.21465497465705,8.242772763978316,1.1898072436917317,0.14219812837236026
all,rgb_std_g,783,120,50.52980987697897,50.12288538218914,10.038588134641705,42.92705444427777,57.4458410090091,14.518786564731329,47.80330761443698,46.87920632988752,7.034813140191801,42.53401558863163,52.66934189273716,10.135326304105526,2.7265022625419917,0.28121752540807715
all,rgb_std_b,783,120,51.7438426330225,51.55137267538906,9.909647054657075,44.050232171776656,58.89934926363503,14.849117091858375,52.006228289778285,51.4685387918412,5.986149742760058,47.78368824850517,55.86680752812927,8.0831192796241,-0.2623856567557823,-0.02766341938367008
nv,native_width,676,80,600.0,600.0,0.0,600.0,600.0,0.0,766.2,767.0,1.529457585658757,765.0,767.0,2.0,-166.20000000000005,
nv,native_height,676,80,450.0,450.0,0.0,450.0,450.0,0.0,575.3125,576.0,1.1969766766971535,575.0,576.0,1.0,-125.3125,
nv,native_aspect_ratio,676,80,1.3333333333333333,1.3333333333333333,0.0,1.3333333333333333,1.3333333333333333,0.0,1.3318002784685592,1.3315972222222223,0.002387385326177581,1.3315972222222223,1.3327533680758943,0.0011561458536719638,0.0015330548647740638,
nv,brightness,676,80,54.89301419932148,52.41752454969618,20.697715668158935,41.66966247558594,66.66005113389757,24.99038865831163,51.51596900092231,46.29207695855035,16.316676216774994,40.568115234375,58.48866102430556,17.920545789930557,3.3770451983991663,0.166495335554836
nv,contrast,676,80,48.927078241204384,48.1590202008436,9.473562837044096,41.87628741929126,55.23824258044733,13.361955161156068,44.59030990418664,44.275681872622314,5.036438597077932,41.02946845490523,46.97729662822162,5.947828173316395,4.336768337017745,0.47601434602915693
nv,sharpness,676,80,201.43793391343007,155.32545698121373,173.05279644199783,99.23867497109107,241.6678803492636,142.42920537817253,116.63839223685122,99.13171325759663,57.907810145994674,70.08772070594362,147.17597810364109,77.08825739769746,84.79954167657885,0.5145426974329702
nv,saturation,676,80,0.36359808214982836,0.3579336128982843,0.08032886190843977,0.312048692225371,0.40869850707209965,0.09664981484672863,0.45585521789417804,0.4547535482834627,0.07699573196466998,0.41292811707473787,0.5083891691984954,0.09546105212375755,-0.09225713574434968,-1.1534138955279087
nv,dark_pixel_ratio,676,80,0.4162657246787167,0.38516574435763884,0.25642653010964994,0.20255194769965276,0.603512234157986,0.40096028645833326,0.44124001397026913,0.507781982421875,0.23100248796114292,0.2742326524522569,0.6385565863715278,0.36432393391927087,-0.02497428929155243,-0.09836960741642518
nv,bright_pixel_ratio,676,80,0.019237570978950937,0.018303765190972224,0.005817857212875475,0.015043470594618056,0.02260674370659722,0.007563273111979164,0.01598663330078125,0.015757242838541664,0.0031855079872778777,0.013970269097222222,0.01678466796875,0.002814398871527778,0.003250937678169686,0.5804847348609284
nv,entropy,676,80,6.594914036597259,6.671673743745398,0.728412952497542,6.255178882031961,7.1068245933854755,0.8516457113535143,6.465945274763729,6.380835263748232,0.37375089266465406,6.236611817876044,6.753214899723575,0.5166030818475305,0.12896876183353,0.18431077965593579
nv,illumination_variation,676,80,0.9397179852727299,0.8819908569493716,0.40051944668279227,0.6977667330586406,1.0688499368535211,0.3710832037948806,0.85088022141058,0.891083205496993,0.20890507146303852,0.721820675006186,0.9961199732262134,0.2742992982200274,0.08883776386214992,0.23078182425556354
nv,rgb_mean_r,676,80,58.18596524270564,54.60570271809896,23.831105444683036,43.1270022922092,72.52097574869791,29.39397345648871,38.982789272732205,35.148098415798614,13.1553642354027,31.188218858506946,42.29865519205729,11.110436333550343,19.203175969973437,0.836860436212961
nv,rgb_mean_g,676,80,52.717953583506045,50.602813720703125,20.280678265098093,39.586405436197914,64.15007866753473,24.563673231336814,55.36931194729275,50.3309326171875,18.295679168921524,44.04258388943143,62.70045979817708,18.657875908745652,-2.6513583637867058,-0.13202723471993888
nv,rgb_mean_b,676,80,57.47558843548717,55.68822903103299,21.433304456376206,42.124050564236114,70.80334133572049,28.679290771484375,64.55594033135307,59.612762451171875,17.187074932017612,52.656270345052086,75.47024197048611,22.81397162543403,-7.080351895865903,-0.33670012979122627
nv,rgb_std_r,676,80,46.89498292868618,45.85950863072047,8.692344622568388,40.79650651291033,52.14983232314036,11.353325810230032,42.82186012674471,42.30015109215368,4.267342877304455,39.97619989476303,44.67054863684186,4.69434874207883,4.073122801941473,0.48840935233091487
nv,rgb_std_g,676,80,50.54459910554108,50.119544833765815,10.079944569707983,42.82439525387626,57.44740264621905,14.623007392342785,45.73191836104745,45.651842062352316,5.885019702300074,41.62161360099681,48.06158826666241,6.439974665665602,4.812680744493633,0.4948439328925187
nv,rgb_std_b,676,80,51.91024211449128,51.75060628638603,9.991817947962053,43.9042616869275,59.336985565310755,15.432723878383257,51.75846840616705,50.96655739355617,5.788209276183502,47.5168802495022,55.805358472306075,8.288478222803874,0.1517737083242352,0.015747820486904467
mel,native_width,107,40,600.0,600.0,0.0,600.0,600.0,0.0,767.025,767.0,1.3679012559954198,767.0,768.0,1.0,-167.02499999999998,
mel,native_height,107,40,450.0,450.0,0.0,450.0,450.0,0.0,575.875,576.0,0.3349320635285418,576.0,576.0,0.0,-125.875,
mel,native_aspect_ratio,107,40,1.3333333333333335,1.3333333333333333,2.230895264843986e-16,1.3333333333333333,1.3333333333333333,0.0,1.3319289704106279,1.3315972222222223,0.0017693078425688909,1.3315972222222223,1.3333333333333333,0.0017361111111109384,0.0014043629227056265,
mel,brightness,107,40,57.10472086335021,58.11883544921875,23.147188002301156,42.09263102213542,73.45945231119791,31.366821289062486,94.69393497043185,94.81261867947049,20.868434989580855,79.26456875271268,106.69874742296007,27.43417867024739,-37.589214107081645,-1.6664156927754914
mel,contrast,107,40,48.53953553502474,47.810221421903144,8.850805404144914,43.30716511225978,54.20256306812866,10.89539795586888,50.821302887532774,50.88282891851891,6.966901862788682,46.24666602676942,54.84471818603282,8.598052159263403,-2.2817673525080338,-0.2720985567749898
mel,sharpness,107,40,159.95072473368717,126.3453435132073,115.38087776534518,70.27687592535383,223.9538186530088,153.67694272765496,273.3536004151816,259.1063553505795,115.66299104350591,192.09768384911212,354.9309200933893,162.8332362442772,-113.40287568149441,-0.9822102451750038
mel,saturation,107,40,0.3555262318868764,0.340757149756604,0.08372795151906227,0.2899645171653731,0.40911703005855116,0.11915251289317808,0.37017791482098483,0.36610554215175656,0.08243570166548969,0.32044448353885824,0.43749650942733864,0.1170520258884804,-0.014651682934108456,-0.17571683900629514
mel,dark_pixel_ratio,107,40,0.4099949473284983,0.3545667860243056,0.2835119241466909,0.1471794976128472,0.6302863226996528,0.4831068250868056,0.1047093709309896,0.04777696397569445,0.1222664223702697,0.021650526258680556,0.1268225775824653,0.10517205132378474,0.3052855763975087,1.2184101323684426
mel,bright_pixel_ratio,107,40,0.017937744394145895,0.016425238715277776,0.005486602577355376,0.014655219184027778,0.019809299045138888,0.00515407986111111,0.019472588433159722,0.018307156032986112,0.006094894392057744,0.015453762478298612,0.020785861545138888,0.005332099066840276,-0.0015348440390138274,-0.2713346158892396
mel,entropy,107,40,6.695541271354213,6.9446363826403195,0.8823720738721564,6.393317734548643,7.322491253151758,0.9291735186031147,7.337880545366721,7.423359238211973,0.2874617967684119,7.208540639215732,7.552747022514484,0.34420638329875164,-0.6423392740125076,-0.8352676682804023
mel,illumination_variation,107,40,0.9367730874726198,0.8189699849918528,0.5340322916505132,0.6001273387540484,1.1297245553698398,0.5295972166157914,0.48656110116043527,0.46330190649345987,0.16301586715012203,0.3492095791092379,0.5375607250919074,0.18835114598266955,0.4502119863121845,0.9695290649814823
mel,rgb_mean_r,107,40,55.22408610786604,54.745388454861114,23.96133061075121,37.97387017144097,75.17575412326389,37.201883951822914,78.27368537055122,74.94503445095486,20.415987053472875,64.31676228841147,91.17808024088542,26.861317952473954,-23.049599262685177,-0.9994882090159111
mel,rgb_mean_g,107,40,57.65747108340634,56.895243326822914,23.758976438324652,40.874827067057296,73.73141140407986,32.85658433702257,100.47093963623047,101.00254313151042,22.3190686620321,84.9669426812066,112.02905612521701,27.062113444010407,-42.813468552824126,-1.8311683762138373
mel,rgb_mean_b,107,40,59.22665427456516,62.399169921875,22.73621607518316,43.101474338107636,74.56771850585938,31.46624416775174,108.01739145914715,110.87108357747397,19.406526327227866,94.16056654188368,124.03926934136285,29.87870279947917,-48.790737184581985,-2.228855135373098
mel,rgb_std_r,107,40,46.74624756014233,46.89479250351106,7.783487016898916,41.182631577752844,50.82158483815793,9.638953260405088,51.410830999064046,51.00063329840132,7.594345562331335,46.4403770404123,56.22868940094946,9.788312360537162,-4.664583438921717,-0.6031994870051867
mel,rgb_std_g,107,40,50.43637512456784,50.55370573834013,9.819135717065937,44.73736339766765,56.55417743574179,11.816814038074142,51.946086121216034,52.0300798476262,7.378664659224476,47.327553624138744,57.109940668629605,9.78238704449086,-1.5097109966481952,-0.1636291980985393
mel,rgb_std_b,107,40,50.69257114262162,51.204006776424876,9.349959857462272,44.5236858134126,56.741301524011504,12.217615710598906,52.50174805700076,51.79568298023485,6.410620808045866,49.2580293967912,56.59635144525337,7.338322048462167,-1.8091769143791439,-0.2089590664146127
